Copyright 1986-2022 Xilinx, Inc. All Rights Reserved. Copyright 2022-2025 Advanced Micro Devices, Inc. All Rights Reserved.
---------------------------------------------------------------------------------------------------------------------------------------------------------------------------------------------------------------------------------
| Tool Version : Vivado v.2025.2 (win64) Build 6299465 Fri Nov 14 19:35:11 GMT 2025
| Date         : Fri May 22 14:58:38 2026
| Host         : MSI running 64-bit major release  (build 9200)
| Command      : report_timing_summary -max_paths 10 -routable_nets -report_unconstrained -file FSM_HW4_timing_summary_routed.rpt -pb FSM_HW4_timing_summary_routed.pb -rpx FSM_HW4_timing_summary_routed.rpx -warn_on_violation
| Design       : FSM_HW4
| Device       : 7s25-csga324
| Speed File   : -1  PRODUCTION 1.23 2018-06-13
| Design State : Routed
---------------------------------------------------------------------------------------------------------------------------------------------------------------------------------------------------------------------------------

Timing Summary Report

------------------------------------------------------------------------------------------------
| Timer Settings
| --------------
------------------------------------------------------------------------------------------------

  Enable Multi Corner Analysis               :  Yes
  Enable Pessimism Removal                   :  Yes
  Pessimism Removal Resolution               :  Nearest Common Node
  Enable Input Delay Default Clock           :  No
  Enable Preset / Clear Arcs                 :  No
  Disable Flight Delays                      :  No
  Ignore I/O Paths                           :  No
  Timing Early Launch at Borrowing Latches   :  No
  Borrow Time for Max Delay Exceptions       :  Yes
  Merge Timing Exceptions                    :  Yes
  Inter-SLR Compensation                     :  Conservative

  Corner  Analyze    Analyze    
  Name    Max Paths  Min Paths  
  ------  ---------  ---------  
  Slow    Yes        Yes        
  Fast    Yes        Yes        


------------------------------------------------------------------------------------------------
| Report Methodology
| ------------------
------------------------------------------------------------------------------------------------

Rule       Severity  Description                    Violations  
---------  --------  -----------------------------  ----------  
TIMING-18  Warning   Missing input or output delay  7           

Note: This report is based on the most recent report_methodology run and may not be up-to-date. Run report_methodology on the current design for the latest report.



check_timing report

Table of Contents
-----------------
1. checking no_clock (0)
2. checking constant_clock (0)
3. checking pulse_width_clock (0)
4. checking unconstrained_internal_endpoints (0)
5. checking no_input_delay (3)
6. checking no_output_delay (4)
7. checking multiple_clock (0)
8. checking generated_clocks (0)
9. checking loops (0)
10. checking partial_input_delay (0)
11. checking partial_output_delay (0)
12. checking latch_loops (0)

1. checking no_clock (0)
------------------------
 There are 0 register/latch pins with no clock.


2. checking constant_clock (0)
------------------------------
 There are 0 register/latch pins with constant_clock.


3. checking pulse_width_clock (0)
---------------------------------
 There are 0 register/latch pins which need pulse_width check


4. checking unconstrained_internal_endpoints (0)
------------------------------------------------
 There are 0 pins that are not constrained for maximum delay.

 There are 0 pins that are not constrained for maximum delay due to constant clock.


5. checking no_input_delay (3)
------------------------------
 There are 3 input ports with no input delay specified. (HIGH)

 There are 0 input ports with no input delay but user has a false path constraint.


6. checking no_output_delay (4)
-------------------------------
 There are 4 ports with no output delay specified. (HIGH)

 There are 0 ports with no output delay but user has a false path constraint

 There are 0 ports with no output delay but with a timing clock defined on it or propagating through it


7. checking multiple_clock (0)
------------------------------
 There are 0 register/latch pins with multiple clocks.


8. checking generated_clocks (0)
--------------------------------
 There are 0 generated clocks that are not connected to a clock source.


9. checking loops (0)
---------------------
 There are 0 combinational loops in the design.


10. checking partial_input_delay (0)
------------------------------------
 There are 0 input ports with partial input delay specified.


11. checking partial_output_delay (0)
-------------------------------------
 There are 0 ports with partial output delay specified.


12. checking latch_loops (0)
----------------------------
 There are 0 combinational latch loops in the design through latch input



------------------------------------------------------------------------------------------------
| Design Timing Summary
| ---------------------
------------------------------------------------------------------------------------------------

    WNS(ns)      TNS(ns)  TNS Failing Endpoints  TNS Total Endpoints      WHS(ns)      THS(ns)  THS Failing Endpoints  THS Total Endpoints     WPWS(ns)     TPWS(ns)  TPWS Failing Endpoints  TPWS Total Endpoints  
    -------      -------  ---------------------  -------------------      -------      -------  ---------------------  -------------------     --------     --------  ----------------------  --------------------  
     36.107        0.000                      0                   33        0.212        0.000                      0                   33       19.500        0.000                       0                    30  


All user specified timing constraints are met.


------------------------------------------------------------------------------------------------
| Clock Summary
| -------------
------------------------------------------------------------------------------------------------

Clock      Waveform(ns)       Period(ns)      Frequency(MHz)
-----      ------------       ----------      --------------
clk_12MHz  {0.000 20.000}     40.000          25.000          


------------------------------------------------------------------------------------------------
| Intra Clock Table
| -----------------
------------------------------------------------------------------------------------------------

Clock             WNS(ns)      TNS(ns)  TNS Failing Endpoints  TNS Total Endpoints      WHS(ns)      THS(ns)  THS Failing Endpoints  THS Total Endpoints     WPWS(ns)     TPWS(ns)  TPWS Failing Endpoints  TPWS Total Endpoints  
-----             -------      -------  ---------------------  -------------------      -------      -------  ---------------------  -------------------     --------     --------  ----------------------  --------------------  
clk_12MHz          36.107        0.000                      0                   33        0.212        0.000                      0                   33       19.500        0.000                       0                    30  


------------------------------------------------------------------------------------------------
| Inter Clock Table
| -----------------
------------------------------------------------------------------------------------------------

From Clock    To Clock          WNS(ns)      TNS(ns)  TNS Failing Endpoints  TNS Total Endpoints      WHS(ns)      THS(ns)  THS Failing Endpoints  THS Total Endpoints  
----------    --------          -------      -------  ---------------------  -------------------      -------      -------  ---------------------  -------------------  


------------------------------------------------------------------------------------------------
| Other Path Groups Table
| -----------------------
------------------------------------------------------------------------------------------------

Path Group    From Clock    To Clock          WNS(ns)      TNS(ns)  TNS Failing Endpoints  TNS Total Endpoints      WHS(ns)      THS(ns)  THS Failing Endpoints  THS Total Endpoints  
----------    ----------    --------          -------      -------  ---------------------  -------------------      -------      -------  ---------------------  -------------------  


------------------------------------------------------------------------------------------------
| User Ignored Path Table
| -----------------------
------------------------------------------------------------------------------------------------

Path Group    From Clock    To Clock    
----------    ----------    --------    


------------------------------------------------------------------------------------------------
| Unconstrained Path Table
| ------------------------
------------------------------------------------------------------------------------------------

Path Group    From Clock    To Clock    
----------    ----------    --------    
(none)                                    
(none)        clk_12MHz                   
(none)                      clk_12MHz     


------------------------------------------------------------------------------------------------
| Timing Details
| --------------
------------------------------------------------------------------------------------------------


---------------------------------------------------------------------------------------------------
From Clock:  clk_12MHz
  To Clock:  clk_12MHz

Setup :            0  Failing Endpoints,  Worst Slack       36.107ns,  Total Violation        0.000ns
Hold  :            0  Failing Endpoints,  Worst Slack        0.212ns,  Total Violation        0.000ns
PW    :            0  Failing Endpoints,  Worst Slack       19.500ns,  Total Violation        0.000ns
---------------------------------------------------------------------------------------------------


Max Delay Paths
--------------------------------------------------------------------------------------
Slack (MET) :             36.107ns  (required time - arrival time)
  Source:                 clk_div_reg[21]/C
                            (rising edge-triggered cell FDCE clocked by clk_12MHz  {rise@0.000ns fall@20.000ns period=40.000ns})
  Destination:            stay_delay_reg[0]/CE
                            (rising edge-triggered cell FDPE clocked by clk_12MHz  {rise@0.000ns fall@20.000ns period=40.000ns})
  Path Group:             clk_12MHz
  Path Type:              Setup (Max at Slow Process Corner)
  Requirement:            40.000ns  (clk_12MHz rise@40.000ns - clk_12MHz rise@0.000ns)
  Data Path Delay:        3.615ns  (logic 0.828ns (22.904%)  route 2.787ns (77.096%))
  Logic Levels:           3  (LUT2=1 LUT4=1 LUT5=1)
  Clock Path Skew:        -0.038ns (DCD - SCD + CPR)
    Destination Clock Delay (DCD):    4.822ns = ( 44.822 - 40.000 ) 
    Source Clock Delay      (SCD):    5.118ns
    Clock Pessimism Removal (CPR):    0.258ns
  Clock Uncertainty:      0.035ns  ((TSJ^2 + TIJ^2)^1/2 + DJ) / 2 + PE
    Total System Jitter     (TSJ):    0.071ns
    Total Input Jitter      (TIJ):    0.000ns
    Discrete Jitter          (DJ):    0.000ns
    Phase Error              (PE):    0.000ns

    Location             Delay type                Incr(ns)  Path(ns)    Netlist Resource(s)
  -------------------------------------------------------------------    -------------------
                         (clock clk_12MHz rise edge)
                                                      0.000     0.000 r  
    F14                                               0.000     0.000 r  clk (IN)
                         net (fo=0)                   0.000     0.000    clk
    F14                  IBUF (Prop_ibuf_I_O)         1.446     1.446 r  clk_IBUF_inst/O
                         net (fo=1, routed)           1.966     3.411    clk_IBUF
    BUFGCTRL_X0Y16       BUFG (Prop_bufg_I_O)         0.096     3.507 r  clk_IBUF_BUFG_inst/O
                         net (fo=29, routed)          1.611     5.118    clk_IBUF_BUFG
    SLICE_X1Y64          FDCE                                         r  clk_div_reg[21]/C
  -------------------------------------------------------------------    -------------------
    SLICE_X1Y64          FDCE (Prop_fdce_C_Q)         0.456     5.574 f  clk_div_reg[21]/Q
                         net (fo=2, routed)           0.875     6.449    clk_div_reg[21]
    SLICE_X0Y63          LUT5 (Prop_lut5_I1_O)        0.124     6.573 r  Org_State[2]_i_6/O
                         net (fo=1, routed)           0.802     7.376    Org_State[2]_i_6_n_0
    SLICE_X0Y61          LUT4 (Prop_lut4_I1_O)        0.124     7.500 r  Org_State[2]_i_3/O
                         net (fo=4, routed)           0.586     8.086    slow_tick
    SLICE_X3Y61          LUT2 (Prop_lut2_I0_O)        0.124     8.210 r  stay_delay[3]_i_1/O
                         net (fo=4, routed)           0.524     8.734    stay_delay[0]
    SLICE_X5Y61          FDPE                                         r  stay_delay_reg[0]/CE
  -------------------------------------------------------------------    -------------------

                         (clock clk_12MHz rise edge)
                                                     40.000    40.000 r  
    F14                                               0.000    40.000 r  clk (IN)
                         net (fo=0)                   0.000    40.000    clk
    F14                  IBUF (Prop_ibuf_I_O)         1.376    41.376 r  clk_IBUF_inst/O
                         net (fo=1, routed)           1.862    43.238    clk_IBUF
    BUFGCTRL_X0Y16       BUFG (Prop_bufg_I_O)         0.091    43.329 r  clk_IBUF_BUFG_inst/O
                         net (fo=29, routed)          1.494    44.822    clk_IBUF_BUFG
    SLICE_X5Y61          FDPE                                         r  stay_delay_reg[0]/C
                         clock pessimism              0.258    45.080    
                         clock uncertainty           -0.035    45.045    
    SLICE_X5Y61          FDPE (Setup_fdpe_C_CE)      -0.205    44.840    stay_delay_reg[0]
  -------------------------------------------------------------------
                         required time                         44.840    
                         arrival time                          -8.734    
  -------------------------------------------------------------------
                         slack                                 36.107    

Slack (MET) :             36.275ns  (required time - arrival time)
  Source:                 Org_State_reg[0]/C
                            (rising edge-triggered cell FDCE clocked by clk_12MHz  {rise@0.000ns fall@20.000ns period=40.000ns})
  Destination:            stay_delay_reg[2]/D
                            (rising edge-triggered cell FDCE clocked by clk_12MHz  {rise@0.000ns fall@20.000ns period=40.000ns})
  Path Group:             clk_12MHz
  Path Type:              Setup (Max at Slow Process Corner)
  Requirement:            40.000ns  (clk_12MHz rise@40.000ns - clk_12MHz rise@0.000ns)
  Data Path Delay:        3.679ns  (logic 1.080ns (29.359%)  route 2.599ns (70.641%))
  Logic Levels:           3  (LUT2=1 LUT4=1 LUT6=1)
  Clock Path Skew:        -0.040ns (DCD - SCD + CPR)
    Destination Clock Delay (DCD):    4.822ns = ( 44.822 - 40.000 ) 
    Source Clock Delay      (SCD):    5.120ns
    Clock Pessimism Removal (CPR):    0.258ns
  Clock Uncertainty:      0.035ns  ((TSJ^2 + TIJ^2)^1/2 + DJ) / 2 + PE
    Total System Jitter     (TSJ):    0.071ns
    Total Input Jitter      (TIJ):    0.000ns
    Discrete Jitter          (DJ):    0.000ns
    Phase Error              (PE):    0.000ns

    Location             Delay type                Incr(ns)  Path(ns)    Netlist Resource(s)
  -------------------------------------------------------------------    -------------------
                         (clock clk_12MHz rise edge)
                                                      0.000     0.000 r  
    F14                                               0.000     0.000 r  clk (IN)
                         net (fo=0)                   0.000     0.000    clk
    F14                  IBUF (Prop_ibuf_I_O)         1.446     1.446 r  clk_IBUF_inst/O
                         net (fo=1, routed)           1.966     3.411    clk_IBUF
    BUFGCTRL_X0Y16       BUFG (Prop_bufg_I_O)         0.096     3.507 r  clk_IBUF_BUFG_inst/O
                         net (fo=29, routed)          1.613     5.120    clk_IBUF_BUFG
    SLICE_X3Y61          FDCE                                         r  Org_State_reg[0]/C
  -------------------------------------------------------------------    -------------------
    SLICE_X3Y61          FDCE (Prop_fdce_C_Q)         0.456     5.576 r  Org_State_reg[0]/Q
                         net (fo=9, routed)           0.899     6.476    p_0_in[1]
    SLICE_X2Y61          LUT2 (Prop_lut2_I0_O)        0.152     6.628 r  Org_State[2]_i_10/O
                         net (fo=1, routed)           0.590     7.218    Org_State[2]_i_10_n_0
    SLICE_X4Y61          LUT6 (Prop_lut6_I2_O)        0.348     7.566 f  Org_State[2]_i_4/O
                         net (fo=7, routed)           1.109     8.675    Org_State[2]_i_4_n_0
    SLICE_X4Y61          LUT4 (Prop_lut4_I3_O)        0.124     8.799 r  stay_delay[2]_i_1/O
                         net (fo=1, routed)           0.000     8.799    stay_delay[2]_i_1_n_0
    SLICE_X4Y61          FDCE                                         r  stay_delay_reg[2]/D
  -------------------------------------------------------------------    -------------------

                         (clock clk_12MHz rise edge)
                                                     40.000    40.000 r  
    F14                                               0.000    40.000 r  clk (IN)
                         net (fo=0)                   0.000    40.000    clk
    F14                  IBUF (Prop_ibuf_I_O)         1.376    41.376 r  clk_IBUF_inst/O
                         net (fo=1, routed)           1.862    43.238    clk_IBUF
    BUFGCTRL_X0Y16       BUFG (Prop_bufg_I_O)         0.091    43.329 r  clk_IBUF_BUFG_inst/O
                         net (fo=29, routed)          1.494    44.822    clk_IBUF_BUFG
    SLICE_X4Y61          FDCE                                         r  stay_delay_reg[2]/C
                         clock pessimism              0.258    45.080    
                         clock uncertainty           -0.035    45.045    
    SLICE_X4Y61          FDCE (Setup_fdce_C_D)        0.029    45.074    stay_delay_reg[2]
  -------------------------------------------------------------------
                         required time                         45.074    
                         arrival time                          -8.799    
  -------------------------------------------------------------------
                         slack                                 36.275    

Slack (MET) :             36.295ns  (required time - arrival time)
  Source:                 Org_State_reg[0]/C
                            (rising edge-triggered cell FDCE clocked by clk_12MHz  {rise@0.000ns fall@20.000ns period=40.000ns})
  Destination:            stay_delay_reg[3]/D
                            (rising edge-triggered cell FDCE clocked by clk_12MHz  {rise@0.000ns fall@20.000ns period=40.000ns})
  Path Group:             clk_12MHz
  Path Type:              Setup (Max at Slow Process Corner)
  Requirement:            40.000ns  (clk_12MHz rise@40.000ns - clk_12MHz rise@0.000ns)
  Data Path Delay:        3.705ns  (logic 1.106ns (29.855%)  route 2.599ns (70.145%))
  Logic Levels:           3  (LUT2=1 LUT5=1 LUT6=1)
  Clock Path Skew:        -0.040ns (DCD - SCD + CPR)
    Destination Clock Delay (DCD):    4.822ns = ( 44.822 - 40.000 ) 
    Source Clock Delay      (SCD):    5.120ns
    Clock Pessimism Removal (CPR):    0.258ns
  Clock Uncertainty:      0.035ns  ((TSJ^2 + TIJ^2)^1/2 + DJ) / 2 + PE
    Total System Jitter     (TSJ):    0.071ns
    Total Input Jitter      (TIJ):    0.000ns
    Discrete Jitter          (DJ):    0.000ns
    Phase Error              (PE):    0.000ns

    Location             Delay type                Incr(ns)  Path(ns)    Netlist Resource(s)
  -------------------------------------------------------------------    -------------------
                         (clock clk_12MHz rise edge)
                                                      0.000     0.000 r  
    F14                                               0.000     0.000 r  clk (IN)
                         net (fo=0)                   0.000     0.000    clk
    F14                  IBUF (Prop_ibuf_I_O)         1.446     1.446 r  clk_IBUF_inst/O
                         net (fo=1, routed)           1.966     3.411    clk_IBUF
    BUFGCTRL_X0Y16       BUFG (Prop_bufg_I_O)         0.096     3.507 r  clk_IBUF_BUFG_inst/O
                         net (fo=29, routed)          1.613     5.120    clk_IBUF_BUFG
    SLICE_X3Y61          FDCE                                         r  Org_State_reg[0]/C
  -------------------------------------------------------------------    -------------------
    SLICE_X3Y61          FDCE (Prop_fdce_C_Q)         0.456     5.576 r  Org_State_reg[0]/Q
                         net (fo=9, routed)           0.899     6.476    p_0_in[1]
    SLICE_X2Y61          LUT2 (Prop_lut2_I0_O)        0.152     6.628 r  Org_State[2]_i_10/O
                         net (fo=1, routed)           0.590     7.218    Org_State[2]_i_10_n_0
    SLICE_X4Y61          LUT6 (Prop_lut6_I2_O)        0.348     7.566 f  Org_State[2]_i_4/O
                         net (fo=7, routed)           1.109     8.675    Org_State[2]_i_4_n_0
    SLICE_X4Y61          LUT5 (Prop_lut5_I4_O)        0.150     8.825 r  stay_delay[3]_i_2/O
                         net (fo=1, routed)           0.000     8.825    stay_delay[3]_i_2_n_0
    SLICE_X4Y61          FDCE                                         r  stay_delay_reg[3]/D
  -------------------------------------------------------------------    -------------------

                         (clock clk_12MHz rise edge)
                                                     40.000    40.000 r  
    F14                                               0.000    40.000 r  clk (IN)
                         net (fo=0)                   0.000    40.000    clk
    F14                  IBUF (Prop_ibuf_I_O)         1.376    41.376 r  clk_IBUF_inst/O
                         net (fo=1, routed)           1.862    43.238    clk_IBUF
    BUFGCTRL_X0Y16       BUFG (Prop_bufg_I_O)         0.091    43.329 r  clk_IBUF_BUFG_inst/O
                         net (fo=29, routed)          1.494    44.822    clk_IBUF_BUFG
    SLICE_X4Y61          FDCE                                         r  stay_delay_reg[3]/C
                         clock pessimism              0.258    45.080    
                         clock uncertainty           -0.035    45.045    
    SLICE_X4Y61          FDCE (Setup_fdce_C_D)        0.075    45.120    stay_delay_reg[3]
  -------------------------------------------------------------------
                         required time                         45.120    
                         arrival time                          -8.825    
  -------------------------------------------------------------------
                         slack                                 36.295    

Slack (MET) :             36.296ns  (required time - arrival time)
  Source:                 clk_div_reg[21]/C
                            (rising edge-triggered cell FDCE clocked by clk_12MHz  {rise@0.000ns fall@20.000ns period=40.000ns})
  Destination:            stay_delay_reg[1]/CE
                            (rising edge-triggered cell FDCE clocked by clk_12MHz  {rise@0.000ns fall@20.000ns period=40.000ns})
  Path Group:             clk_12MHz
  Path Type:              Setup (Max at Slow Process Corner)
  Requirement:            40.000ns  (clk_12MHz rise@40.000ns - clk_12MHz rise@0.000ns)
  Data Path Delay:        3.426ns  (logic 0.828ns (24.170%)  route 2.598ns (75.830%))
  Logic Levels:           3  (LUT2=1 LUT4=1 LUT5=1)
  Clock Path Skew:        -0.038ns (DCD - SCD + CPR)
    Destination Clock Delay (DCD):    4.822ns = ( 44.822 - 40.000 ) 
    Source Clock Delay      (SCD):    5.118ns
    Clock Pessimism Removal (CPR):    0.258ns
  Clock Uncertainty:      0.035ns  ((TSJ^2 + TIJ^2)^1/2 + DJ) / 2 + PE
    Total System Jitter     (TSJ):    0.071ns
    Total Input Jitter      (TIJ):    0.000ns
    Discrete Jitter          (DJ):    0.000ns
    Phase Error              (PE):    0.000ns

    Location             Delay type                Incr(ns)  Path(ns)    Netlist Resource(s)
  -------------------------------------------------------------------    -------------------
                         (clock clk_12MHz rise edge)
                                                      0.000     0.000 r  
    F14                                               0.000     0.000 r  clk (IN)
                         net (fo=0)                   0.000     0.000    clk
    F14                  IBUF (Prop_ibuf_I_O)         1.446     1.446 r  clk_IBUF_inst/O
                         net (fo=1, routed)           1.966     3.411    clk_IBUF
    BUFGCTRL_X0Y16       BUFG (Prop_bufg_I_O)         0.096     3.507 r  clk_IBUF_BUFG_inst/O
                         net (fo=29, routed)          1.611     5.118    clk_IBUF_BUFG
    SLICE_X1Y64          FDCE                                         r  clk_div_reg[21]/C
  -------------------------------------------------------------------    -------------------
    SLICE_X1Y64          FDCE (Prop_fdce_C_Q)         0.456     5.574 f  clk_div_reg[21]/Q
                         net (fo=2, routed)           0.875     6.449    clk_div_reg[21]
    SLICE_X0Y63          LUT5 (Prop_lut5_I1_O)        0.124     6.573 r  Org_State[2]_i_6/O
                         net (fo=1, routed)           0.802     7.376    Org_State[2]_i_6_n_0
    SLICE_X0Y61          LUT4 (Prop_lut4_I1_O)        0.124     7.500 r  Org_State[2]_i_3/O
                         net (fo=4, routed)           0.586     8.086    slow_tick
    SLICE_X3Y61          LUT2 (Prop_lut2_I0_O)        0.124     8.210 r  stay_delay[3]_i_1/O
                         net (fo=4, routed)           0.335     8.544    stay_delay[0]
    SLICE_X4Y61          FDCE                                         r  stay_delay_reg[1]/CE
  -------------------------------------------------------------------    -------------------

                         (clock clk_12MHz rise edge)
                                                     40.000    40.000 r  
    F14                                               0.000    40.000 r  clk (IN)
                         net (fo=0)                   0.000    40.000    clk
    F14                  IBUF (Prop_ibuf_I_O)         1.376    41.376 r  clk_IBUF_inst/O
                         net (fo=1, routed)           1.862    43.238    clk_IBUF
    BUFGCTRL_X0Y16       BUFG (Prop_bufg_I_O)         0.091    43.329 r  clk_IBUF_BUFG_inst/O
                         net (fo=29, routed)          1.494    44.822    clk_IBUF_BUFG
    SLICE_X4Y61          FDCE                                         r  stay_delay_reg[1]/C
                         clock pessimism              0.258    45.080    
                         clock uncertainty           -0.035    45.045    
    SLICE_X4Y61          FDCE (Setup_fdce_C_CE)      -0.205    44.840    stay_delay_reg[1]
  -------------------------------------------------------------------
                         required time                         44.840    
                         arrival time                          -8.544    
  -------------------------------------------------------------------
                         slack                                 36.296    

Slack (MET) :             36.296ns  (required time - arrival time)
  Source:                 clk_div_reg[21]/C
                            (rising edge-triggered cell FDCE clocked by clk_12MHz  {rise@0.000ns fall@20.000ns period=40.000ns})
  Destination:            stay_delay_reg[2]/CE
                            (rising edge-triggered cell FDCE clocked by clk_12MHz  {rise@0.000ns fall@20.000ns period=40.000ns})
  Path Group:             clk_12MHz
  Path Type:              Setup (Max at Slow Process Corner)
  Requirement:            40.000ns  (clk_12MHz rise@40.000ns - clk_12MHz rise@0.000ns)
  Data Path Delay:        3.426ns  (logic 0.828ns (24.170%)  route 2.598ns (75.830%))
  Logic Levels:           3  (LUT2=1 LUT4=1 LUT5=1)
  Clock Path Skew:        -0.038ns (DCD - SCD + CPR)
    Destination Clock Delay (DCD):    4.822ns = ( 44.822 - 40.000 ) 
    Source Clock Delay      (SCD):    5.118ns
    Clock Pessimism Removal (CPR):    0.258ns
  Clock Uncertainty:      0.035ns  ((TSJ^2 + TIJ^2)^1/2 + DJ) / 2 + PE
    Total System Jitter     (TSJ):    0.071ns
    Total Input Jitter      (TIJ):    0.000ns
    Discrete Jitter          (DJ):    0.000ns
    Phase Error              (PE):    0.000ns

    Location             Delay type                Incr(ns)  Path(ns)    Netlist Resource(s)
  -------------------------------------------------------------------    -------------------
                         (clock clk_12MHz rise edge)
                                                      0.000     0.000 r  
    F14                                               0.000     0.000 r  clk (IN)
                         net (fo=0)                   0.000     0.000    clk
    F14                  IBUF (Prop_ibuf_I_O)         1.446     1.446 r  clk_IBUF_inst/O
                         net (fo=1, routed)           1.966     3.411    clk_IBUF
    BUFGCTRL_X0Y16       BUFG (Prop_bufg_I_O)         0.096     3.507 r  clk_IBUF_BUFG_inst/O
                         net (fo=29, routed)          1.611     5.118    clk_IBUF_BUFG
    SLICE_X1Y64          FDCE                                         r  clk_div_reg[21]/C
  -------------------------------------------------------------------    -------------------
    SLICE_X1Y64          FDCE (Prop_fdce_C_Q)         0.456     5.574 f  clk_div_reg[21]/Q
                         net (fo=2, routed)           0.875     6.449    clk_div_reg[21]
    SLICE_X0Y63          LUT5 (Prop_lut5_I1_O)        0.124     6.573 r  Org_State[2]_i_6/O
                         net (fo=1, routed)           0.802     7.376    Org_State[2]_i_6_n_0
    SLICE_X0Y61          LUT4 (Prop_lut4_I1_O)        0.124     7.500 r  Org_State[2]_i_3/O
                         net (fo=4, routed)           0.586     8.086    slow_tick
    SLICE_X3Y61          LUT2 (Prop_lut2_I0_O)        0.124     8.210 r  stay_delay[3]_i_1/O
                         net (fo=4, routed)           0.335     8.544    stay_delay[0]
    SLICE_X4Y61          FDCE                                         r  stay_delay_reg[2]/CE
  -------------------------------------------------------------------    -------------------

                         (clock clk_12MHz rise edge)
                                                     40.000    40.000 r  
    F14                                               0.000    40.000 r  clk (IN)
                         net (fo=0)                   0.000    40.000    clk
    F14                  IBUF (Prop_ibuf_I_O)         1.376    41.376 r  clk_IBUF_inst/O
                         net (fo=1, routed)           1.862    43.238    clk_IBUF
    BUFGCTRL_X0Y16       BUFG (Prop_bufg_I_O)         0.091    43.329 r  clk_IBUF_BUFG_inst/O
                         net (fo=29, routed)          1.494    44.822    clk_IBUF_BUFG
    SLICE_X4Y61          FDCE                                         r  stay_delay_reg[2]/C
                         clock pessimism              0.258    45.080    
                         clock uncertainty           -0.035    45.045    
    SLICE_X4Y61          FDCE (Setup_fdce_C_CE)      -0.205    44.840    stay_delay_reg[2]
  -------------------------------------------------------------------
                         required time                         44.840    
                         arrival time                          -8.544    
  -------------------------------------------------------------------
                         slack                                 36.296    

Slack (MET) :             36.296ns  (required time - arrival time)
  Source:                 clk_div_reg[21]/C
                            (rising edge-triggered cell FDCE clocked by clk_12MHz  {rise@0.000ns fall@20.000ns period=40.000ns})
  Destination:            stay_delay_reg[3]/CE
                            (rising edge-triggered cell FDCE clocked by clk_12MHz  {rise@0.000ns fall@20.000ns period=40.000ns})
  Path Group:             clk_12MHz
  Path Type:              Setup (Max at Slow Process Corner)
  Requirement:            40.000ns  (clk_12MHz rise@40.000ns - clk_12MHz rise@0.000ns)
  Data Path Delay:        3.426ns  (logic 0.828ns (24.170%)  route 2.598ns (75.830%))
  Logic Levels:           3  (LUT2=1 LUT4=1 LUT5=1)
  Clock Path Skew:        -0.038ns (DCD - SCD + CPR)
    Destination Clock Delay (DCD):    4.822ns = ( 44.822 - 40.000 ) 
    Source Clock Delay      (SCD):    5.118ns
    Clock Pessimism Removal (CPR):    0.258ns
  Clock Uncertainty:      0.035ns  ((TSJ^2 + TIJ^2)^1/2 + DJ) / 2 + PE
    Total System Jitter     (TSJ):    0.071ns
    Total Input Jitter      (TIJ):    0.000ns
    Discrete Jitter          (DJ):    0.000ns
    Phase Error              (PE):    0.000ns

    Location             Delay type                Incr(ns)  Path(ns)    Netlist Resource(s)
  -------------------------------------------------------------------    -------------------
                         (clock clk_12MHz rise edge)
                                                      0.000     0.000 r  
    F14                                               0.000     0.000 r  clk (IN)
                         net (fo=0)                   0.000     0.000    clk
    F14                  IBUF (Prop_ibuf_I_O)         1.446     1.446 r  clk_IBUF_inst/O
                         net (fo=1, routed)           1.966     3.411    clk_IBUF
    BUFGCTRL_X0Y16       BUFG (Prop_bufg_I_O)         0.096     3.507 r  clk_IBUF_BUFG_inst/O
                         net (fo=29, routed)          1.611     5.118    clk_IBUF_BUFG
    SLICE_X1Y64          FDCE                                         r  clk_div_reg[21]/C
  -------------------------------------------------------------------    -------------------
    SLICE_X1Y64          FDCE (Prop_fdce_C_Q)         0.456     5.574 f  clk_div_reg[21]/Q
                         net (fo=2, routed)           0.875     6.449    clk_div_reg[21]
    SLICE_X0Y63          LUT5 (Prop_lut5_I1_O)        0.124     6.573 r  Org_State[2]_i_6/O
                         net (fo=1, routed)           0.802     7.376    Org_State[2]_i_6_n_0
    SLICE_X0Y61          LUT4 (Prop_lut4_I1_O)        0.124     7.500 r  Org_State[2]_i_3/O
                         net (fo=4, routed)           0.586     8.086    slow_tick
    SLICE_X3Y61          LUT2 (Prop_lut2_I0_O)        0.124     8.210 r  stay_delay[3]_i_1/O
                         net (fo=4, routed)           0.335     8.544    stay_delay[0]
    SLICE_X4Y61          FDCE                                         r  stay_delay_reg[3]/CE
  -------------------------------------------------------------------    -------------------

                         (clock clk_12MHz rise edge)
                                                     40.000    40.000 r  
    F14                                               0.000    40.000 r  clk (IN)
                         net (fo=0)                   0.000    40.000    clk
    F14                  IBUF (Prop_ibuf_I_O)         1.376    41.376 r  clk_IBUF_inst/O
                         net (fo=1, routed)           1.862    43.238    clk_IBUF
    BUFGCTRL_X0Y16       BUFG (Prop_bufg_I_O)         0.091    43.329 r  clk_IBUF_BUFG_inst/O
                         net (fo=29, routed)          1.494    44.822    clk_IBUF_BUFG
    SLICE_X4Y61          FDCE                                         r  stay_delay_reg[3]/C
                         clock pessimism              0.258    45.080    
                         clock uncertainty           -0.035    45.045    
    SLICE_X4Y61          FDCE (Setup_fdce_C_CE)      -0.205    44.840    stay_delay_reg[3]
  -------------------------------------------------------------------
                         required time                         44.840    
                         arrival time                          -8.544    
  -------------------------------------------------------------------
                         slack                                 36.296    

Slack (MET) :             36.495ns  (required time - arrival time)
  Source:                 Org_State_reg[0]/C
                            (rising edge-triggered cell FDCE clocked by clk_12MHz  {rise@0.000ns fall@20.000ns period=40.000ns})
  Destination:            stay_delay_reg[0]/D
                            (rising edge-triggered cell FDPE clocked by clk_12MHz  {rise@0.000ns fall@20.000ns period=40.000ns})
  Path Group:             clk_12MHz
  Path Type:              Setup (Max at Slow Process Corner)
  Requirement:            40.000ns  (clk_12MHz rise@40.000ns - clk_12MHz rise@0.000ns)
  Data Path Delay:        3.459ns  (logic 1.080ns (31.224%)  route 2.379ns (68.776%))
  Logic Levels:           3  (LUT2=2 LUT6=1)
  Clock Path Skew:        -0.040ns (DCD - SCD + CPR)
    Destination Clock Delay (DCD):    4.822ns = ( 44.822 - 40.000 ) 
    Source Clock Delay      (SCD):    5.120ns
    Clock Pessimism Removal (CPR):    0.258ns
  Clock Uncertainty:      0.035ns  ((TSJ^2 + TIJ^2)^1/2 + DJ) / 2 + PE
    Total System Jitter     (TSJ):    0.071ns
    Total Input Jitter      (TIJ):    0.000ns
    Discrete Jitter          (DJ):    0.000ns
    Phase Error              (PE):    0.000ns

    Location             Delay type                Incr(ns)  Path(ns)    Netlist Resource(s)
  -------------------------------------------------------------------    -------------------
                         (clock clk_12MHz rise edge)
                                                      0.000     0.000 r  
    F14                                               0.000     0.000 r  clk (IN)
                         net (fo=0)                   0.000     0.000    clk
    F14                  IBUF (Prop_ibuf_I_O)         1.446     1.446 r  clk_IBUF_inst/O
                         net (fo=1, routed)           1.966     3.411    clk_IBUF
    BUFGCTRL_X0Y16       BUFG (Prop_bufg_I_O)         0.096     3.507 r  clk_IBUF_BUFG_inst/O
                         net (fo=29, routed)          1.613     5.120    clk_IBUF_BUFG
    SLICE_X3Y61          FDCE                                         r  Org_State_reg[0]/C
  -------------------------------------------------------------------    -------------------
    SLICE_X3Y61          FDCE (Prop_fdce_C_Q)         0.456     5.576 r  Org_State_reg[0]/Q
                         net (fo=9, routed)           0.899     6.476    p_0_in[1]
    SLICE_X2Y61          LUT2 (Prop_lut2_I0_O)        0.152     6.628 r  Org_State[2]_i_10/O
                         net (fo=1, routed)           0.590     7.218    Org_State[2]_i_10_n_0
    SLICE_X4Y61          LUT6 (Prop_lut6_I2_O)        0.348     7.566 r  Org_State[2]_i_4/O
                         net (fo=7, routed)           0.889     8.455    Org_State[2]_i_4_n_0
    SLICE_X5Y61          LUT2 (Prop_lut2_I0_O)        0.124     8.579 r  stay_delay[0]_i_1/O
                         net (fo=1, routed)           0.000     8.579    stay_delay[0]_i_1_n_0
    SLICE_X5Y61          FDPE                                         r  stay_delay_reg[0]/D
  -------------------------------------------------------------------    -------------------

                         (clock clk_12MHz rise edge)
                                                     40.000    40.000 r  
    F14                                               0.000    40.000 r  clk (IN)
                         net (fo=0)                   0.000    40.000    clk
    F14                  IBUF (Prop_ibuf_I_O)         1.376    41.376 r  clk_IBUF_inst/O
                         net (fo=1, routed)           1.862    43.238    clk_IBUF
    BUFGCTRL_X0Y16       BUFG (Prop_bufg_I_O)         0.091    43.329 r  clk_IBUF_BUFG_inst/O
                         net (fo=29, routed)          1.494    44.822    clk_IBUF_BUFG
    SLICE_X5Y61          FDPE                                         r  stay_delay_reg[0]/C
                         clock pessimism              0.258    45.080    
                         clock uncertainty           -0.035    45.045    
    SLICE_X5Y61          FDPE (Setup_fdpe_C_D)        0.029    45.074    stay_delay_reg[0]
  -------------------------------------------------------------------
                         required time                         45.074    
                         arrival time                          -8.579    
  -------------------------------------------------------------------
                         slack                                 36.495    

Slack (MET) :             36.578ns  (required time - arrival time)
  Source:                 Org_State_reg[0]/C
                            (rising edge-triggered cell FDCE clocked by clk_12MHz  {rise@0.000ns fall@20.000ns period=40.000ns})
  Destination:            Org_State_reg[1]/D
                            (rising edge-triggered cell FDCE clocked by clk_12MHz  {rise@0.000ns fall@20.000ns period=40.000ns})
  Path Group:             clk_12MHz
  Path Type:              Setup (Max at Slow Process Corner)
  Requirement:            40.000ns  (clk_12MHz rise@40.000ns - clk_12MHz rise@0.000ns)
  Data Path Delay:        3.416ns  (logic 1.080ns (31.617%)  route 2.336ns (68.383%))
  Logic Levels:           3  (LUT2=1 LUT5=1 LUT6=1)
  Clock Path Skew:        0.000ns (DCD - SCD + CPR)
    Destination Clock Delay (DCD):    4.823ns = ( 44.823 - 40.000 ) 
    Source Clock Delay      (SCD):    5.120ns
    Clock Pessimism Removal (CPR):    0.297ns
  Clock Uncertainty:      0.035ns  ((TSJ^2 + TIJ^2)^1/2 + DJ) / 2 + PE
    Total System Jitter     (TSJ):    0.071ns
    Total Input Jitter      (TIJ):    0.000ns
    Discrete Jitter          (DJ):    0.000ns
    Phase Error              (PE):    0.000ns

    Location             Delay type                Incr(ns)  Path(ns)    Netlist Resource(s)
  -------------------------------------------------------------------    -------------------
                         (clock clk_12MHz rise edge)
                                                      0.000     0.000 r  
    F14                                               0.000     0.000 r  clk (IN)
                         net (fo=0)                   0.000     0.000    clk
    F14                  IBUF (Prop_ibuf_I_O)         1.446     1.446 r  clk_IBUF_inst/O
                         net (fo=1, routed)           1.966     3.411    clk_IBUF
    BUFGCTRL_X0Y16       BUFG (Prop_bufg_I_O)         0.096     3.507 r  clk_IBUF_BUFG_inst/O
                         net (fo=29, routed)          1.613     5.120    clk_IBUF_BUFG
    SLICE_X3Y61          FDCE                                         r  Org_State_reg[0]/C
  -------------------------------------------------------------------    -------------------
    SLICE_X3Y61          FDCE (Prop_fdce_C_Q)         0.456     5.576 r  Org_State_reg[0]/Q
                         net (fo=9, routed)           0.899     6.476    p_0_in[1]
    SLICE_X2Y61          LUT2 (Prop_lut2_I0_O)        0.152     6.628 r  Org_State[2]_i_10/O
                         net (fo=1, routed)           0.590     7.218    Org_State[2]_i_10_n_0
    SLICE_X4Y61          LUT6 (Prop_lut6_I2_O)        0.348     7.566 r  Org_State[2]_i_4/O
                         net (fo=7, routed)           0.846     8.412    Org_State[2]_i_4_n_0
    SLICE_X3Y61          LUT5 (Prop_lut5_I2_O)        0.124     8.536 r  Org_State[1]_i_1/O
                         net (fo=1, routed)           0.000     8.536    Org_State[1]_i_1_n_0
    SLICE_X3Y61          FDCE                                         r  Org_State_reg[1]/D
  -------------------------------------------------------------------    -------------------

                         (clock clk_12MHz rise edge)
                                                     40.000    40.000 r  
    F14                                               0.000    40.000 r  clk (IN)
                         net (fo=0)                   0.000    40.000    clk
    F14                  IBUF (Prop_ibuf_I_O)         1.376    41.376 r  clk_IBUF_inst/O
                         net (fo=1, routed)           1.862    43.238    clk_IBUF
    BUFGCTRL_X0Y16       BUFG (Prop_bufg_I_O)         0.091    43.329 r  clk_IBUF_BUFG_inst/O
                         net (fo=29, routed)          1.495    44.823    clk_IBUF_BUFG
    SLICE_X3Y61          FDCE                                         r  Org_State_reg[1]/C
                         clock pessimism              0.297    45.120    
                         clock uncertainty           -0.035    45.085    
    SLICE_X3Y61          FDCE (Setup_fdce_C_D)        0.029    45.114    Org_State_reg[1]
  -------------------------------------------------------------------
                         required time                         45.114    
                         arrival time                          -8.536    
  -------------------------------------------------------------------
                         slack                                 36.578    

Slack (MET) :             36.885ns  (required time - arrival time)
  Source:                 clk_div_reg[21]/C
                            (rising edge-triggered cell FDCE clocked by clk_12MHz  {rise@0.000ns fall@20.000ns period=40.000ns})
  Destination:            Org_State_reg[0]/D
                            (rising edge-triggered cell FDCE clocked by clk_12MHz  {rise@0.000ns fall@20.000ns period=40.000ns})
  Path Group:             clk_12MHz
  Path Type:              Setup (Max at Slow Process Corner)
  Requirement:            40.000ns  (clk_12MHz rise@40.000ns - clk_12MHz rise@0.000ns)
  Data Path Delay:        3.088ns  (logic 0.828ns (26.813%)  route 2.260ns (73.187%))
  Logic Levels:           3  (LUT4=1 LUT5=2)
  Clock Path Skew:        -0.023ns (DCD - SCD + CPR)
    Destination Clock Delay (DCD):    4.823ns = ( 44.823 - 40.000 ) 
    Source Clock Delay      (SCD):    5.118ns
    Clock Pessimism Removal (CPR):    0.272ns
  Clock Uncertainty:      0.035ns  ((TSJ^2 + TIJ^2)^1/2 + DJ) / 2 + PE
    Total System Jitter     (TSJ):    0.071ns
    Total Input Jitter      (TIJ):    0.000ns
    Discrete Jitter          (DJ):    0.000ns
    Phase Error              (PE):    0.000ns

    Location             Delay type                Incr(ns)  Path(ns)    Netlist Resource(s)
  -------------------------------------------------------------------    -------------------
                         (clock clk_12MHz rise edge)
                                                      0.000     0.000 r  
    F14                                               0.000     0.000 r  clk (IN)
                         net (fo=0)                   0.000     0.000    clk
    F14                  IBUF (Prop_ibuf_I_O)         1.446     1.446 r  clk_IBUF_inst/O
                         net (fo=1, routed)           1.966     3.411    clk_IBUF
    BUFGCTRL_X0Y16       BUFG (Prop_bufg_I_O)         0.096     3.507 r  clk_IBUF_BUFG_inst/O
                         net (fo=29, routed)          1.611     5.118    clk_IBUF_BUFG
    SLICE_X1Y64          FDCE                                         r  clk_div_reg[21]/C
  -------------------------------------------------------------------    -------------------
    SLICE_X1Y64          FDCE (Prop_fdce_C_Q)         0.456     5.574 f  clk_div_reg[21]/Q
                         net (fo=2, routed)           0.875     6.449    clk_div_reg[21]
    SLICE_X0Y63          LUT5 (Prop_lut5_I1_O)        0.124     6.573 r  Org_State[2]_i_6/O
                         net (fo=1, routed)           0.802     7.376    Org_State[2]_i_6_n_0
    SLICE_X0Y61          LUT4 (Prop_lut4_I1_O)        0.124     7.500 r  Org_State[2]_i_3/O
                         net (fo=4, routed)           0.583     8.083    slow_tick
    SLICE_X3Y61          LUT5 (Prop_lut5_I1_O)        0.124     8.207 r  Org_State[0]_i_1/O
                         net (fo=1, routed)           0.000     8.207    Org_State[0]_i_1_n_0
    SLICE_X3Y61          FDCE                                         r  Org_State_reg[0]/D
  -------------------------------------------------------------------    -------------------

                         (clock clk_12MHz rise edge)
                                                     40.000    40.000 r  
    F14                                               0.000    40.000 r  clk (IN)
                         net (fo=0)                   0.000    40.000    clk
    F14                  IBUF (Prop_ibuf_I_O)         1.376    41.376 r  clk_IBUF_inst/O
                         net (fo=1, routed)           1.862    43.238    clk_IBUF
    BUFGCTRL_X0Y16       BUFG (Prop_bufg_I_O)         0.091    43.329 r  clk_IBUF_BUFG_inst/O
                         net (fo=29, routed)          1.495    44.823    clk_IBUF_BUFG
    SLICE_X3Y61          FDCE                                         r  Org_State_reg[0]/C
                         clock pessimism              0.272    45.095    
                         clock uncertainty           -0.035    45.060    
    SLICE_X3Y61          FDCE (Setup_fdce_C_D)        0.031    45.091    Org_State_reg[0]
  -------------------------------------------------------------------
                         required time                         45.091    
                         arrival time                          -8.207    
  -------------------------------------------------------------------
                         slack                                 36.885    

Slack (MET) :             37.084ns  (required time - arrival time)
  Source:                 clk_div_reg[21]/C
                            (rising edge-triggered cell FDCE clocked by clk_12MHz  {rise@0.000ns fall@20.000ns period=40.000ns})
  Destination:            Org_State_reg[2]/D
                            (rising edge-triggered cell FDCE clocked by clk_12MHz  {rise@0.000ns fall@20.000ns period=40.000ns})
  Path Group:             clk_12MHz
  Path Type:              Setup (Max at Slow Process Corner)
  Requirement:            40.000ns  (clk_12MHz rise@40.000ns - clk_12MHz rise@0.000ns)
  Data Path Delay:        2.935ns  (logic 0.828ns (28.211%)  route 2.107ns (71.789%))
  Logic Levels:           3  (LUT4=1 LUT5=2)
  Clock Path Skew:        -0.023ns (DCD - SCD + CPR)
    Destination Clock Delay (DCD):    4.823ns = ( 44.823 - 40.000 ) 
    Source Clock Delay      (SCD):    5.118ns
    Clock Pessimism Removal (CPR):    0.272ns
  Clock Uncertainty:      0.035ns  ((TSJ^2 + TIJ^2)^1/2 + DJ) / 2 + PE
    Total System Jitter     (TSJ):    0.071ns
    Total Input Jitter      (TIJ):    0.000ns
    Discrete Jitter          (DJ):    0.000ns
    Phase Error              (PE):    0.000ns

    Location             Delay type                Incr(ns)  Path(ns)    Netlist Resource(s)
  -------------------------------------------------------------------    -------------------
                         (clock clk_12MHz rise edge)
                                                      0.000     0.000 r  
    F14                                               0.000     0.000 r  clk (IN)
                         net (fo=0)                   0.000     0.000    clk
    F14                  IBUF (Prop_ibuf_I_O)         1.446     1.446 r  clk_IBUF_inst/O
                         net (fo=1, routed)           1.966     3.411    clk_IBUF
    BUFGCTRL_X0Y16       BUFG (Prop_bufg_I_O)         0.096     3.507 r  clk_IBUF_BUFG_inst/O
                         net (fo=29, routed)          1.611     5.118    clk_IBUF_BUFG
    SLICE_X1Y64          FDCE                                         r  clk_div_reg[21]/C
  -------------------------------------------------------------------    -------------------
    SLICE_X1Y64          FDCE (Prop_fdce_C_Q)         0.456     5.574 f  clk_div_reg[21]/Q
                         net (fo=2, routed)           0.875     6.449    clk_div_reg[21]
    SLICE_X0Y63          LUT5 (Prop_lut5_I1_O)        0.124     6.573 r  Org_State[2]_i_6/O
                         net (fo=1, routed)           0.802     7.376    Org_State[2]_i_6_n_0
    SLICE_X0Y61          LUT4 (Prop_lut4_I1_O)        0.124     7.500 r  Org_State[2]_i_3/O
                         net (fo=4, routed)           0.430     7.930    slow_tick
    SLICE_X2Y61          LUT5 (Prop_lut5_I1_O)        0.124     8.054 r  Org_State[2]_i_1/O
                         net (fo=1, routed)           0.000     8.054    Org_State[2]_i_1_n_0
    SLICE_X2Y61          FDCE                                         r  Org_State_reg[2]/D
  -------------------------------------------------------------------    -------------------

                         (clock clk_12MHz rise edge)
                                                     40.000    40.000 r  
    F14                                               0.000    40.000 r  clk (IN)
                         net (fo=0)                   0.000    40.000    clk
    F14                  IBUF (Prop_ibuf_I_O)         1.376    41.376 r  clk_IBUF_inst/O
                         net (fo=1, routed)           1.862    43.238    clk_IBUF
    BUFGCTRL_X0Y16       BUFG (Prop_bufg_I_O)         0.091    43.329 r  clk_IBUF_BUFG_inst/O
                         net (fo=29, routed)          1.495    44.823    clk_IBUF_BUFG
    SLICE_X2Y61          FDCE                                         r  Org_State_reg[2]/C
                         clock pessimism              0.272    45.095    
                         clock uncertainty           -0.035    45.060    
    SLICE_X2Y61          FDCE (Setup_fdce_C_D)        0.077    45.137    Org_State_reg[2]
  -------------------------------------------------------------------
                         required time                         45.137    
                         arrival time                          -8.054    
  -------------------------------------------------------------------
                         slack                                 37.084    





Min Delay Paths
--------------------------------------------------------------------------------------
Slack (MET) :             0.212ns  (arrival time - required time)
  Source:                 stay_delay_reg[0]/C
                            (rising edge-triggered cell FDPE clocked by clk_12MHz  {rise@0.000ns fall@20.000ns period=40.000ns})
  Destination:            stay_delay_reg[1]/D
                            (rising edge-triggered cell FDCE clocked by clk_12MHz  {rise@0.000ns fall@20.000ns period=40.000ns})
  Path Group:             clk_12MHz
  Path Type:              Hold (Min at Fast Process Corner)
  Requirement:            0.000ns  (clk_12MHz rise@0.000ns - clk_12MHz rise@0.000ns)
  Data Path Delay:        0.317ns  (logic 0.186ns (58.680%)  route 0.131ns (41.320%))
  Logic Levels:           1  (LUT3=1)
  Clock Path Skew:        0.013ns (DCD - SCD - CPR)
    Destination Clock Delay (DCD):    1.969ns
    Source Clock Delay      (SCD):    1.455ns
    Clock Pessimism Removal (CPR):    0.501ns

    Location             Delay type                Incr(ns)  Path(ns)    Netlist Resource(s)
  -------------------------------------------------------------------    -------------------
                         (clock clk_12MHz rise edge)
                                                      0.000     0.000 r  
    F14                                               0.000     0.000 r  clk (IN)
                         net (fo=0)                   0.000     0.000    clk
    F14                  IBUF (Prop_ibuf_I_O)         0.214     0.214 r  clk_IBUF_inst/O
                         net (fo=1, routed)           0.631     0.845    clk_IBUF
    BUFGCTRL_X0Y16       BUFG (Prop_bufg_I_O)         0.026     0.871 r  clk_IBUF_BUFG_inst/O
                         net (fo=29, routed)          0.584     1.455    clk_IBUF_BUFG
    SLICE_X5Y61          FDPE                                         r  stay_delay_reg[0]/C
  -------------------------------------------------------------------    -------------------
    SLICE_X5Y61          FDPE (Prop_fdpe_C_Q)         0.141     1.596 r  stay_delay_reg[0]/Q
                         net (fo=5, routed)           0.131     1.727    stay_delay_reg[0]
    SLICE_X4Y61          LUT3 (Prop_lut3_I1_O)        0.045     1.772 r  stay_delay[1]_i_1/O
                         net (fo=1, routed)           0.000     1.772    stay_delay[1]_i_1_n_0
    SLICE_X4Y61          FDCE                                         r  stay_delay_reg[1]/D
  -------------------------------------------------------------------    -------------------

                         (clock clk_12MHz rise edge)
                                                      0.000     0.000 r  
    F14                                               0.000     0.000 r  clk (IN)
                         net (fo=0)                   0.000     0.000    clk
    F14                  IBUF (Prop_ibuf_I_O)         0.402     0.402 r  clk_IBUF_inst/O
                         net (fo=1, routed)           0.685     1.086    clk_IBUF
    BUFGCTRL_X0Y16       BUFG (Prop_bufg_I_O)         0.029     1.115 r  clk_IBUF_BUFG_inst/O
                         net (fo=29, routed)          0.854     1.969    clk_IBUF_BUFG
    SLICE_X4Y61          FDCE                                         r  stay_delay_reg[1]/C
                         clock pessimism             -0.501     1.468    
    SLICE_X4Y61          FDCE (Hold_fdce_C_D)         0.092     1.560    stay_delay_reg[1]
  -------------------------------------------------------------------
                         required time                         -1.560    
                         arrival time                           1.772    
  -------------------------------------------------------------------
                         slack                                  0.212    

Slack (MET) :             0.261ns  (arrival time - required time)
  Source:                 clk_div_reg[3]/C
                            (rising edge-triggered cell FDCE clocked by clk_12MHz  {rise@0.000ns fall@20.000ns period=40.000ns})
  Destination:            clk_div_reg[3]/D
                            (rising edge-triggered cell FDCE clocked by clk_12MHz  {rise@0.000ns fall@20.000ns period=40.000ns})
  Path Group:             clk_12MHz
  Path Type:              Hold (Min at Fast Process Corner)
  Requirement:            0.000ns  (clk_12MHz rise@0.000ns - clk_12MHz rise@0.000ns)
  Data Path Delay:        0.366ns  (logic 0.249ns (67.994%)  route 0.117ns (32.006%))
  Logic Levels:           1  (CARRY4=1)
  Clock Path Skew:        0.000ns (DCD - SCD - CPR)
    Destination Clock Delay (DCD):    1.972ns
    Source Clock Delay      (SCD):    1.457ns
    Clock Pessimism Removal (CPR):    0.515ns

    Location             Delay type                Incr(ns)  Path(ns)    Netlist Resource(s)
  -------------------------------------------------------------------    -------------------
                         (clock clk_12MHz rise edge)
                                                      0.000     0.000 r  
    F14                                               0.000     0.000 r  clk (IN)
                         net (fo=0)                   0.000     0.000    clk
    F14                  IBUF (Prop_ibuf_I_O)         0.214     0.214 r  clk_IBUF_inst/O
                         net (fo=1, routed)           0.631     0.845    clk_IBUF
    BUFGCTRL_X0Y16       BUFG (Prop_bufg_I_O)         0.026     0.871 r  clk_IBUF_BUFG_inst/O
                         net (fo=29, routed)          0.586     1.457    clk_IBUF_BUFG
    SLICE_X1Y59          FDCE                                         r  clk_div_reg[3]/C
  -------------------------------------------------------------------    -------------------
    SLICE_X1Y59          FDCE (Prop_fdce_C_Q)         0.141     1.598 r  clk_div_reg[3]/Q
                         net (fo=2, routed)           0.117     1.715    clk_div_reg[3]
    SLICE_X1Y59          CARRY4 (Prop_carry4_S[3]_O[3])
                                                      0.108     1.823 r  clk_div_reg[0]_i_1/O[3]
                         net (fo=1, routed)           0.000     1.823    clk_div_reg[0]_i_1_n_4
    SLICE_X1Y59          FDCE                                         r  clk_div_reg[3]/D
  -------------------------------------------------------------------    -------------------

                         (clock clk_12MHz rise edge)
                                                      0.000     0.000 r  
    F14                                               0.000     0.000 r  clk (IN)
                         net (fo=0)                   0.000     0.000    clk
    F14                  IBUF (Prop_ibuf_I_O)         0.402     0.402 r  clk_IBUF_inst/O
                         net (fo=1, routed)           0.685     1.086    clk_IBUF
    BUFGCTRL_X0Y16       BUFG (Prop_bufg_I_O)         0.029     1.115 r  clk_IBUF_BUFG_inst/O
                         net (fo=29, routed)          0.856     1.972    clk_IBUF_BUFG
    SLICE_X1Y59          FDCE                                         r  clk_div_reg[3]/C
                         clock pessimism             -0.515     1.457    
    SLICE_X1Y59          FDCE (Hold_fdce_C_D)         0.105     1.562    clk_div_reg[3]
  -------------------------------------------------------------------
                         required time                         -1.562    
                         arrival time                           1.823    
  -------------------------------------------------------------------
                         slack                                  0.261    

Slack (MET) :             0.261ns  (arrival time - required time)
  Source:                 clk_div_reg[15]/C
                            (rising edge-triggered cell FDCE clocked by clk_12MHz  {rise@0.000ns fall@20.000ns period=40.000ns})
  Destination:            clk_div_reg[15]/D
                            (rising edge-triggered cell FDCE clocked by clk_12MHz  {rise@0.000ns fall@20.000ns period=40.000ns})
  Path Group:             clk_12MHz
  Path Type:              Hold (Min at Fast Process Corner)
  Requirement:            0.000ns  (clk_12MHz rise@0.000ns - clk_12MHz rise@0.000ns)
  Data Path Delay:        0.366ns  (logic 0.249ns (67.994%)  route 0.117ns (32.006%))
  Logic Levels:           1  (CARRY4=1)
  Clock Path Skew:        0.000ns (DCD - SCD - CPR)
    Destination Clock Delay (DCD):    1.969ns
    Source Clock Delay      (SCD):    1.455ns
    Clock Pessimism Removal (CPR):    0.514ns

    Location             Delay type                Incr(ns)  Path(ns)    Netlist Resource(s)
  -------------------------------------------------------------------    -------------------
                         (clock clk_12MHz rise edge)
                                                      0.000     0.000 r  
    F14                                               0.000     0.000 r  clk (IN)
                         net (fo=0)                   0.000     0.000    clk
    F14                  IBUF (Prop_ibuf_I_O)         0.214     0.214 r  clk_IBUF_inst/O
                         net (fo=1, routed)           0.631     0.845    clk_IBUF
    BUFGCTRL_X0Y16       BUFG (Prop_bufg_I_O)         0.026     0.871 r  clk_IBUF_BUFG_inst/O
                         net (fo=29, routed)          0.584     1.455    clk_IBUF_BUFG
    SLICE_X1Y62          FDCE                                         r  clk_div_reg[15]/C
  -------------------------------------------------------------------    -------------------
    SLICE_X1Y62          FDCE (Prop_fdce_C_Q)         0.141     1.596 r  clk_div_reg[15]/Q
                         net (fo=2, routed)           0.117     1.713    clk_div_reg[15]
    SLICE_X1Y62          CARRY4 (Prop_carry4_S[3]_O[3])
                                                      0.108     1.821 r  clk_div_reg[12]_i_1/O[3]
                         net (fo=1, routed)           0.000     1.821    clk_div_reg[12]_i_1_n_4
    SLICE_X1Y62          FDCE                                         r  clk_div_reg[15]/D
  -------------------------------------------------------------------    -------------------

                         (clock clk_12MHz rise edge)
                                                      0.000     0.000 r  
    F14                                               0.000     0.000 r  clk (IN)
                         net (fo=0)                   0.000     0.000    clk
    F14                  IBUF (Prop_ibuf_I_O)         0.402     0.402 r  clk_IBUF_inst/O
                         net (fo=1, routed)           0.685     1.086    clk_IBUF
    BUFGCTRL_X0Y16       BUFG (Prop_bufg_I_O)         0.029     1.115 r  clk_IBUF_BUFG_inst/O
                         net (fo=29, routed)          0.854     1.969    clk_IBUF_BUFG
    SLICE_X1Y62          FDCE                                         r  clk_div_reg[15]/C
                         clock pessimism             -0.514     1.455    
    SLICE_X1Y62          FDCE (Hold_fdce_C_D)         0.105     1.560    clk_div_reg[15]
  -------------------------------------------------------------------
                         required time                         -1.560    
                         arrival time                           1.821    
  -------------------------------------------------------------------
                         slack                                  0.261    

Slack (MET) :             0.261ns  (arrival time - required time)
  Source:                 clk_div_reg[19]/C
                            (rising edge-triggered cell FDCE clocked by clk_12MHz  {rise@0.000ns fall@20.000ns period=40.000ns})
  Destination:            clk_div_reg[19]/D
                            (rising edge-triggered cell FDCE clocked by clk_12MHz  {rise@0.000ns fall@20.000ns period=40.000ns})
  Path Group:             clk_12MHz
  Path Type:              Hold (Min at Fast Process Corner)
  Requirement:            0.000ns  (clk_12MHz rise@0.000ns - clk_12MHz rise@0.000ns)
  Data Path Delay:        0.366ns  (logic 0.249ns (67.994%)  route 0.117ns (32.006%))
  Logic Levels:           1  (CARRY4=1)
  Clock Path Skew:        0.000ns (DCD - SCD - CPR)
    Destination Clock Delay (DCD):    1.968ns
    Source Clock Delay      (SCD):    1.454ns
    Clock Pessimism Removal (CPR):    0.514ns

    Location             Delay type                Incr(ns)  Path(ns)    Netlist Resource(s)
  -------------------------------------------------------------------    -------------------
                         (clock clk_12MHz rise edge)
                                                      0.000     0.000 r  
    F14                                               0.000     0.000 r  clk (IN)
                         net (fo=0)                   0.000     0.000    clk
    F14                  IBUF (Prop_ibuf_I_O)         0.214     0.214 r  clk_IBUF_inst/O
                         net (fo=1, routed)           0.631     0.845    clk_IBUF
    BUFGCTRL_X0Y16       BUFG (Prop_bufg_I_O)         0.026     0.871 r  clk_IBUF_BUFG_inst/O
                         net (fo=29, routed)          0.583     1.454    clk_IBUF_BUFG
    SLICE_X1Y63          FDCE                                         r  clk_div_reg[19]/C
  -------------------------------------------------------------------    -------------------
    SLICE_X1Y63          FDCE (Prop_fdce_C_Q)         0.141     1.595 r  clk_div_reg[19]/Q
                         net (fo=2, routed)           0.117     1.712    clk_div_reg[19]
    SLICE_X1Y63          CARRY4 (Prop_carry4_S[3]_O[3])
                                                      0.108     1.820 r  clk_div_reg[16]_i_1/O[3]
                         net (fo=1, routed)           0.000     1.820    clk_div_reg[16]_i_1_n_4
    SLICE_X1Y63          FDCE                                         r  clk_div_reg[19]/D
  -------------------------------------------------------------------    -------------------

                         (clock clk_12MHz rise edge)
                                                      0.000     0.000 r  
    F14                                               0.000     0.000 r  clk (IN)
                         net (fo=0)                   0.000     0.000    clk
    F14                  IBUF (Prop_ibuf_I_O)         0.402     0.402 r  clk_IBUF_inst/O
                         net (fo=1, routed)           0.685     1.086    clk_IBUF
    BUFGCTRL_X0Y16       BUFG (Prop_bufg_I_O)         0.029     1.115 r  clk_IBUF_BUFG_inst/O
                         net (fo=29, routed)          0.852     1.968    clk_IBUF_BUFG
    SLICE_X1Y63          FDCE                                         r  clk_div_reg[19]/C
                         clock pessimism             -0.514     1.454    
    SLICE_X1Y63          FDCE (Hold_fdce_C_D)         0.105     1.559    clk_div_reg[19]
  -------------------------------------------------------------------
                         required time                         -1.559    
                         arrival time                           1.820    
  -------------------------------------------------------------------
                         slack                                  0.261    

Slack (MET) :             0.264ns  (arrival time - required time)
  Source:                 clk_div_reg[11]/C
                            (rising edge-triggered cell FDCE clocked by clk_12MHz  {rise@0.000ns fall@20.000ns period=40.000ns})
  Destination:            clk_div_reg[11]/D
                            (rising edge-triggered cell FDCE clocked by clk_12MHz  {rise@0.000ns fall@20.000ns period=40.000ns})
  Path Group:             clk_12MHz
  Path Type:              Hold (Min at Fast Process Corner)
  Requirement:            0.000ns  (clk_12MHz rise@0.000ns - clk_12MHz rise@0.000ns)
  Data Path Delay:        0.369ns  (logic 0.249ns (67.424%)  route 0.120ns (32.576%))
  Logic Levels:           1  (CARRY4=1)
  Clock Path Skew:        0.000ns (DCD - SCD - CPR)
    Destination Clock Delay (DCD):    1.971ns
    Source Clock Delay      (SCD):    1.456ns
    Clock Pessimism Removal (CPR):    0.515ns

    Location             Delay type                Incr(ns)  Path(ns)    Netlist Resource(s)
  -------------------------------------------------------------------    -------------------
                         (clock clk_12MHz rise edge)
                                                      0.000     0.000 r  
    F14                                               0.000     0.000 r  clk (IN)
                         net (fo=0)                   0.000     0.000    clk
    F14                  IBUF (Prop_ibuf_I_O)         0.214     0.214 r  clk_IBUF_inst/O
                         net (fo=1, routed)           0.631     0.845    clk_IBUF
    BUFGCTRL_X0Y16       BUFG (Prop_bufg_I_O)         0.026     0.871 r  clk_IBUF_BUFG_inst/O
                         net (fo=29, routed)          0.585     1.456    clk_IBUF_BUFG
    SLICE_X1Y61          FDCE                                         r  clk_div_reg[11]/C
  -------------------------------------------------------------------    -------------------
    SLICE_X1Y61          FDCE (Prop_fdce_C_Q)         0.141     1.597 r  clk_div_reg[11]/Q
                         net (fo=2, routed)           0.120     1.717    clk_div_reg[11]
    SLICE_X1Y61          CARRY4 (Prop_carry4_S[3]_O[3])
                                                      0.108     1.825 r  clk_div_reg[8]_i_1/O[3]
                         net (fo=1, routed)           0.000     1.825    clk_div_reg[8]_i_1_n_4
    SLICE_X1Y61          FDCE                                         r  clk_div_reg[11]/D
  -------------------------------------------------------------------    -------------------

                         (clock clk_12MHz rise edge)
                                                      0.000     0.000 r  
    F14                                               0.000     0.000 r  clk (IN)
                         net (fo=0)                   0.000     0.000    clk
    F14                  IBUF (Prop_ibuf_I_O)         0.402     0.402 r  clk_IBUF_inst/O
                         net (fo=1, routed)           0.685     1.086    clk_IBUF
    BUFGCTRL_X0Y16       BUFG (Prop_bufg_I_O)         0.029     1.115 r  clk_IBUF_BUFG_inst/O
                         net (fo=29, routed)          0.855     1.971    clk_IBUF_BUFG
    SLICE_X1Y61          FDCE                                         r  clk_div_reg[11]/C
                         clock pessimism             -0.515     1.456    
    SLICE_X1Y61          FDCE (Hold_fdce_C_D)         0.105     1.561    clk_div_reg[11]
  -------------------------------------------------------------------
                         required time                         -1.561    
                         arrival time                           1.825    
  -------------------------------------------------------------------
                         slack                                  0.264    

Slack (MET) :             0.264ns  (arrival time - required time)
  Source:                 clk_div_reg[7]/C
                            (rising edge-triggered cell FDCE clocked by clk_12MHz  {rise@0.000ns fall@20.000ns period=40.000ns})
  Destination:            clk_div_reg[7]/D
                            (rising edge-triggered cell FDCE clocked by clk_12MHz  {rise@0.000ns fall@20.000ns period=40.000ns})
  Path Group:             clk_12MHz
  Path Type:              Hold (Min at Fast Process Corner)
  Requirement:            0.000ns  (clk_12MHz rise@0.000ns - clk_12MHz rise@0.000ns)
  Data Path Delay:        0.369ns  (logic 0.249ns (67.424%)  route 0.120ns (32.576%))
  Logic Levels:           1  (CARRY4=1)
  Clock Path Skew:        0.000ns (DCD - SCD - CPR)
    Destination Clock Delay (DCD):    1.971ns
    Source Clock Delay      (SCD):    1.456ns
    Clock Pessimism Removal (CPR):    0.515ns

    Location             Delay type                Incr(ns)  Path(ns)    Netlist Resource(s)
  -------------------------------------------------------------------    -------------------
                         (clock clk_12MHz rise edge)
                                                      0.000     0.000 r  
    F14                                               0.000     0.000 r  clk (IN)
                         net (fo=0)                   0.000     0.000    clk
    F14                  IBUF (Prop_ibuf_I_O)         0.214     0.214 r  clk_IBUF_inst/O
                         net (fo=1, routed)           0.631     0.845    clk_IBUF
    BUFGCTRL_X0Y16       BUFG (Prop_bufg_I_O)         0.026     0.871 r  clk_IBUF_BUFG_inst/O
                         net (fo=29, routed)          0.585     1.456    clk_IBUF_BUFG
    SLICE_X1Y60          FDCE                                         r  clk_div_reg[7]/C
  -------------------------------------------------------------------    -------------------
    SLICE_X1Y60          FDCE (Prop_fdce_C_Q)         0.141     1.597 r  clk_div_reg[7]/Q
                         net (fo=2, routed)           0.120     1.717    clk_div_reg[7]
    SLICE_X1Y60          CARRY4 (Prop_carry4_S[3]_O[3])
                                                      0.108     1.825 r  clk_div_reg[4]_i_1/O[3]
                         net (fo=1, routed)           0.000     1.825    clk_div_reg[4]_i_1_n_4
    SLICE_X1Y60          FDCE                                         r  clk_div_reg[7]/D
  -------------------------------------------------------------------    -------------------

                         (clock clk_12MHz rise edge)
                                                      0.000     0.000 r  
    F14                                               0.000     0.000 r  clk (IN)
                         net (fo=0)                   0.000     0.000    clk
    F14                  IBUF (Prop_ibuf_I_O)         0.402     0.402 r  clk_IBUF_inst/O
                         net (fo=1, routed)           0.685     1.086    clk_IBUF
    BUFGCTRL_X0Y16       BUFG (Prop_bufg_I_O)         0.029     1.115 r  clk_IBUF_BUFG_inst/O
                         net (fo=29, routed)          0.855     1.971    clk_IBUF_BUFG
    SLICE_X1Y60          FDCE                                         r  clk_div_reg[7]/C
                         clock pessimism             -0.515     1.456    
    SLICE_X1Y60          FDCE (Hold_fdce_C_D)         0.105     1.561    clk_div_reg[7]
  -------------------------------------------------------------------
                         required time                         -1.561    
                         arrival time                           1.825    
  -------------------------------------------------------------------
                         slack                                  0.264    

Slack (MET) :             0.267ns  (arrival time - required time)
  Source:                 clk_div_reg[12]/C
                            (rising edge-triggered cell FDCE clocked by clk_12MHz  {rise@0.000ns fall@20.000ns period=40.000ns})
  Destination:            clk_div_reg[12]/D
                            (rising edge-triggered cell FDCE clocked by clk_12MHz  {rise@0.000ns fall@20.000ns period=40.000ns})
  Path Group:             clk_12MHz
  Path Type:              Hold (Min at Fast Process Corner)
  Requirement:            0.000ns  (clk_12MHz rise@0.000ns - clk_12MHz rise@0.000ns)
  Data Path Delay:        0.372ns  (logic 0.256ns (68.766%)  route 0.116ns (31.234%))
  Logic Levels:           1  (CARRY4=1)
  Clock Path Skew:        0.000ns (DCD - SCD - CPR)
    Destination Clock Delay (DCD):    1.969ns
    Source Clock Delay      (SCD):    1.455ns
    Clock Pessimism Removal (CPR):    0.514ns

    Location             Delay type                Incr(ns)  Path(ns)    Netlist Resource(s)
  -------------------------------------------------------------------    -------------------
                         (clock clk_12MHz rise edge)
                                                      0.000     0.000 r  
    F14                                               0.000     0.000 r  clk (IN)
                         net (fo=0)                   0.000     0.000    clk
    F14                  IBUF (Prop_ibuf_I_O)         0.214     0.214 r  clk_IBUF_inst/O
                         net (fo=1, routed)           0.631     0.845    clk_IBUF
    BUFGCTRL_X0Y16       BUFG (Prop_bufg_I_O)         0.026     0.871 r  clk_IBUF_BUFG_inst/O
                         net (fo=29, routed)          0.584     1.455    clk_IBUF_BUFG
    SLICE_X1Y62          FDCE                                         r  clk_div_reg[12]/C
  -------------------------------------------------------------------    -------------------
    SLICE_X1Y62          FDCE (Prop_fdce_C_Q)         0.141     1.596 r  clk_div_reg[12]/Q
                         net (fo=2, routed)           0.116     1.712    clk_div_reg[12]
    SLICE_X1Y62          CARRY4 (Prop_carry4_S[0]_O[0])
                                                      0.115     1.827 r  clk_div_reg[12]_i_1/O[0]
                         net (fo=1, routed)           0.000     1.827    clk_div_reg[12]_i_1_n_7
    SLICE_X1Y62          FDCE                                         r  clk_div_reg[12]/D
  -------------------------------------------------------------------    -------------------

                         (clock clk_12MHz rise edge)
                                                      0.000     0.000 r  
    F14                                               0.000     0.000 r  clk (IN)
                         net (fo=0)                   0.000     0.000    clk
    F14                  IBUF (Prop_ibuf_I_O)         0.402     0.402 r  clk_IBUF_inst/O
                         net (fo=1, routed)           0.685     1.086    clk_IBUF
    BUFGCTRL_X0Y16       BUFG (Prop_bufg_I_O)         0.029     1.115 r  clk_IBUF_BUFG_inst/O
                         net (fo=29, routed)          0.854     1.969    clk_IBUF_BUFG
    SLICE_X1Y62          FDCE                                         r  clk_div_reg[12]/C
                         clock pessimism             -0.514     1.455    
    SLICE_X1Y62          FDCE (Hold_fdce_C_D)         0.105     1.560    clk_div_reg[12]
  -------------------------------------------------------------------
                         required time                         -1.560    
                         arrival time                           1.827    
  -------------------------------------------------------------------
                         slack                                  0.267    

Slack (MET) :             0.267ns  (arrival time - required time)
  Source:                 clk_div_reg[8]/C
                            (rising edge-triggered cell FDCE clocked by clk_12MHz  {rise@0.000ns fall@20.000ns period=40.000ns})
  Destination:            clk_div_reg[8]/D
                            (rising edge-triggered cell FDCE clocked by clk_12MHz  {rise@0.000ns fall@20.000ns period=40.000ns})
  Path Group:             clk_12MHz
  Path Type:              Hold (Min at Fast Process Corner)
  Requirement:            0.000ns  (clk_12MHz rise@0.000ns - clk_12MHz rise@0.000ns)
  Data Path Delay:        0.372ns  (logic 0.256ns (68.766%)  route 0.116ns (31.234%))
  Logic Levels:           1  (CARRY4=1)
  Clock Path Skew:        0.000ns (DCD - SCD - CPR)
    Destination Clock Delay (DCD):    1.971ns
    Source Clock Delay      (SCD):    1.456ns
    Clock Pessimism Removal (CPR):    0.515ns

    Location             Delay type                Incr(ns)  Path(ns)    Netlist Resource(s)
  -------------------------------------------------------------------    -------------------
                         (clock clk_12MHz rise edge)
                                                      0.000     0.000 r  
    F14                                               0.000     0.000 r  clk (IN)
                         net (fo=0)                   0.000     0.000    clk
    F14                  IBUF (Prop_ibuf_I_O)         0.214     0.214 r  clk_IBUF_inst/O
                         net (fo=1, routed)           0.631     0.845    clk_IBUF
    BUFGCTRL_X0Y16       BUFG (Prop_bufg_I_O)         0.026     0.871 r  clk_IBUF_BUFG_inst/O
                         net (fo=29, routed)          0.585     1.456    clk_IBUF_BUFG
    SLICE_X1Y61          FDCE                                         r  clk_div_reg[8]/C
  -------------------------------------------------------------------    -------------------
    SLICE_X1Y61          FDCE (Prop_fdce_C_Q)         0.141     1.597 r  clk_div_reg[8]/Q
                         net (fo=2, routed)           0.116     1.713    clk_div_reg[8]
    SLICE_X1Y61          CARRY4 (Prop_carry4_S[0]_O[0])
                                                      0.115     1.828 r  clk_div_reg[8]_i_1/O[0]
                         net (fo=1, routed)           0.000     1.828    clk_div_reg[8]_i_1_n_7
    SLICE_X1Y61          FDCE                                         r  clk_div_reg[8]/D
  -------------------------------------------------------------------    -------------------

                         (clock clk_12MHz rise edge)
                                                      0.000     0.000 r  
    F14                                               0.000     0.000 r  clk (IN)
                         net (fo=0)                   0.000     0.000    clk
    F14                  IBUF (Prop_ibuf_I_O)         0.402     0.402 r  clk_IBUF_inst/O
                         net (fo=1, routed)           0.685     1.086    clk_IBUF
    BUFGCTRL_X0Y16       BUFG (Prop_bufg_I_O)         0.029     1.115 r  clk_IBUF_BUFG_inst/O
                         net (fo=29, routed)          0.855     1.971    clk_IBUF_BUFG
    SLICE_X1Y61          FDCE                                         r  clk_div_reg[8]/C
                         clock pessimism             -0.515     1.456    
    SLICE_X1Y61          FDCE (Hold_fdce_C_D)         0.105     1.561    clk_div_reg[8]
  -------------------------------------------------------------------
                         required time                         -1.561    
                         arrival time                           1.828    
  -------------------------------------------------------------------
                         slack                                  0.267    

Slack (MET) :             0.267ns  (arrival time - required time)
  Source:                 clk_div_reg[2]/C
                            (rising edge-triggered cell FDCE clocked by clk_12MHz  {rise@0.000ns fall@20.000ns period=40.000ns})
  Destination:            clk_div_reg[2]/D
                            (rising edge-triggered cell FDCE clocked by clk_12MHz  {rise@0.000ns fall@20.000ns period=40.000ns})
  Path Group:             clk_12MHz
  Path Type:              Hold (Min at Fast Process Corner)
  Requirement:            0.000ns  (clk_12MHz rise@0.000ns - clk_12MHz rise@0.000ns)
  Data Path Delay:        0.372ns  (logic 0.252ns (67.654%)  route 0.120ns (32.346%))
  Logic Levels:           1  (CARRY4=1)
  Clock Path Skew:        0.000ns (DCD - SCD - CPR)
    Destination Clock Delay (DCD):    1.972ns
    Source Clock Delay      (SCD):    1.457ns
    Clock Pessimism Removal (CPR):    0.515ns

    Location             Delay type                Incr(ns)  Path(ns)    Netlist Resource(s)
  -------------------------------------------------------------------    -------------------
                         (clock clk_12MHz rise edge)
                                                      0.000     0.000 r  
    F14                                               0.000     0.000 r  clk (IN)
                         net (fo=0)                   0.000     0.000    clk
    F14                  IBUF (Prop_ibuf_I_O)         0.214     0.214 r  clk_IBUF_inst/O
                         net (fo=1, routed)           0.631     0.845    clk_IBUF
    BUFGCTRL_X0Y16       BUFG (Prop_bufg_I_O)         0.026     0.871 r  clk_IBUF_BUFG_inst/O
                         net (fo=29, routed)          0.586     1.457    clk_IBUF_BUFG
    SLICE_X1Y59          FDCE                                         r  clk_div_reg[2]/C
  -------------------------------------------------------------------    -------------------
    SLICE_X1Y59          FDCE (Prop_fdce_C_Q)         0.141     1.598 r  clk_div_reg[2]/Q
                         net (fo=2, routed)           0.120     1.718    clk_div_reg[2]
    SLICE_X1Y59          CARRY4 (Prop_carry4_S[2]_O[2])
                                                      0.111     1.829 r  clk_div_reg[0]_i_1/O[2]
                         net (fo=1, routed)           0.000     1.829    clk_div_reg[0]_i_1_n_5
    SLICE_X1Y59          FDCE                                         r  clk_div_reg[2]/D
  -------------------------------------------------------------------    -------------------

                         (clock clk_12MHz rise edge)
                                                      0.000     0.000 r  
    F14                                               0.000     0.000 r  clk (IN)
                         net (fo=0)                   0.000     0.000    clk
    F14                  IBUF (Prop_ibuf_I_O)         0.402     0.402 r  clk_IBUF_inst/O
                         net (fo=1, routed)           0.685     1.086    clk_IBUF
    BUFGCTRL_X0Y16       BUFG (Prop_bufg_I_O)         0.029     1.115 r  clk_IBUF_BUFG_inst/O
                         net (fo=29, routed)          0.856     1.972    clk_IBUF_BUFG
    SLICE_X1Y59          FDCE                                         r  clk_div_reg[2]/C
                         clock pessimism             -0.515     1.457    
    SLICE_X1Y59          FDCE (Hold_fdce_C_D)         0.105     1.562    clk_div_reg[2]
  -------------------------------------------------------------------
                         required time                         -1.562    
                         arrival time                           1.829    
  -------------------------------------------------------------------
                         slack                                  0.267    

Slack (MET) :             0.267ns  (arrival time - required time)
  Source:                 clk_div_reg[10]/C
                            (rising edge-triggered cell FDCE clocked by clk_12MHz  {rise@0.000ns fall@20.000ns period=40.000ns})
  Destination:            clk_div_reg[10]/D
                            (rising edge-triggered cell FDCE clocked by clk_12MHz  {rise@0.000ns fall@20.000ns period=40.000ns})
  Path Group:             clk_12MHz
  Path Type:              Hold (Min at Fast Process Corner)
  Requirement:            0.000ns  (clk_12MHz rise@0.000ns - clk_12MHz rise@0.000ns)
  Data Path Delay:        0.372ns  (logic 0.252ns (67.654%)  route 0.120ns (32.346%))
  Logic Levels:           1  (CARRY4=1)
  Clock Path Skew:        0.000ns (DCD - SCD - CPR)
    Destination Clock Delay (DCD):    1.971ns
    Source Clock Delay      (SCD):    1.456ns
    Clock Pessimism Removal (CPR):    0.515ns

    Location             Delay type                Incr(ns)  Path(ns)    Netlist Resource(s)
  -------------------------------------------------------------------    -------------------
                         (clock clk_12MHz rise edge)
                                                      0.000     0.000 r  
    F14                                               0.000     0.000 r  clk (IN)
                         net (fo=0)                   0.000     0.000    clk
    F14                  IBUF (Prop_ibuf_I_O)         0.214     0.214 r  clk_IBUF_inst/O
                         net (fo=1, routed)           0.631     0.845    clk_IBUF
    BUFGCTRL_X0Y16       BUFG (Prop_bufg_I_O)         0.026     0.871 r  clk_IBUF_BUFG_inst/O
                         net (fo=29, routed)          0.585     1.456    clk_IBUF_BUFG
    SLICE_X1Y61          FDCE                                         r  clk_div_reg[10]/C
  -------------------------------------------------------------------    -------------------
    SLICE_X1Y61          FDCE (Prop_fdce_C_Q)         0.141     1.597 r  clk_div_reg[10]/Q
                         net (fo=2, routed)           0.120     1.717    clk_div_reg[10]
    SLICE_X1Y61          CARRY4 (Prop_carry4_S[2]_O[2])
                                                      0.111     1.828 r  clk_div_reg[8]_i_1/O[2]
                         net (fo=1, routed)           0.000     1.828    clk_div_reg[8]_i_1_n_5
    SLICE_X1Y61          FDCE                                         r  clk_div_reg[10]/D
  -------------------------------------------------------------------    -------------------

                         (clock clk_12MHz rise edge)
                                                      0.000     0.000 r  
    F14                                               0.000     0.000 r  clk (IN)
                         net (fo=0)                   0.000     0.000    clk
    F14                  IBUF (Prop_ibuf_I_O)         0.402     0.402 r  clk_IBUF_inst/O
                         net (fo=1, routed)           0.685     1.086    clk_IBUF
    BUFGCTRL_X0Y16       BUFG (Prop_bufg_I_O)         0.029     1.115 r  clk_IBUF_BUFG_inst/O
                         net (fo=29, routed)          0.855     1.971    clk_IBUF_BUFG
    SLICE_X1Y61          FDCE                                         r  clk_div_reg[10]/C
                         clock pessimism             -0.515     1.456    
    SLICE_X1Y61          FDCE (Hold_fdce_C_D)         0.105     1.561    clk_div_reg[10]
  -------------------------------------------------------------------
                         required time                         -1.561    
                         arrival time                           1.828    
  -------------------------------------------------------------------
                         slack                                  0.267    





Pulse Width Checks
--------------------------------------------------------------------------------------
Clock Name:         clk_12MHz
Waveform(ns):       { 0.000 20.000 }
Period(ns):         40.000
Sources:            { clk }

Check Type        Corner  Lib Pin  Reference Pin  Required(ns)  Actual(ns)  Slack(ns)  Location        Pin
Min Period        n/a     BUFG/I   n/a            2.155         40.000      37.845     BUFGCTRL_X0Y16  clk_IBUF_BUFG_inst/I
Min Period        n/a     FDCE/C   n/a            1.000         40.000      39.000     SLICE_X3Y61     Org_State_reg[0]/C
Min Period        n/a     FDCE/C   n/a            1.000         40.000      39.000     SLICE_X3Y61     Org_State_reg[1]/C
Min Period        n/a     FDCE/C   n/a            1.000         40.000      39.000     SLICE_X2Y61     Org_State_reg[2]/C
Min Period        n/a     FDCE/C   n/a            1.000         40.000      39.000     SLICE_X1Y59     clk_div_reg[0]/C
Min Period        n/a     FDCE/C   n/a            1.000         40.000      39.000     SLICE_X1Y61     clk_div_reg[10]/C
Min Period        n/a     FDCE/C   n/a            1.000         40.000      39.000     SLICE_X1Y61     clk_div_reg[11]/C
Min Period        n/a     FDCE/C   n/a            1.000         40.000      39.000     SLICE_X1Y62     clk_div_reg[12]/C
Min Period        n/a     FDCE/C   n/a            1.000         40.000      39.000     SLICE_X1Y62     clk_div_reg[13]/C
Min Period        n/a     FDCE/C   n/a            1.000         40.000      39.000     SLICE_X1Y62     clk_div_reg[14]/C
Low Pulse Width   Slow    FDCE/C   n/a            0.500         20.000      19.500     SLICE_X3Y61     Org_State_reg[0]/C
Low Pulse Width   Fast    FDCE/C   n/a            0.500         20.000      19.500     SLICE_X3Y61     Org_State_reg[0]/C
Low Pulse Width   Slow    FDCE/C   n/a            0.500         20.000      19.500     SLICE_X3Y61     Org_State_reg[1]/C
Low Pulse Width   Fast    FDCE/C   n/a            0.500         20.000      19.500     SLICE_X3Y61     Org_State_reg[1]/C
Low Pulse Width   Slow    FDCE/C   n/a            0.500         20.000      19.500     SLICE_X2Y61     Org_State_reg[2]/C
Low Pulse Width   Fast    FDCE/C   n/a            0.500         20.000      19.500     SLICE_X2Y61     Org_State_reg[2]/C
Low Pulse Width   Slow    FDCE/C   n/a            0.500         20.000      19.500     SLICE_X1Y59     clk_div_reg[0]/C
Low Pulse Width   Fast    FDCE/C   n/a            0.500         20.000      19.500     SLICE_X1Y59     clk_div_reg[0]/C
Low Pulse Width   Slow    FDCE/C   n/a            0.500         20.000      19.500     SLICE_X1Y61     clk_div_reg[10]/C
Low Pulse Width   Fast    FDCE/C   n/a            0.500         20.000      19.500     SLICE_X1Y61     clk_div_reg[10]/C
High Pulse Width  Slow    FDCE/C   n/a            0.500         20.000      19.500     SLICE_X3Y61     Org_State_reg[0]/C
High Pulse Width  Fast    FDCE/C   n/a            0.500         20.000      19.500     SLICE_X3Y61     Org_State_reg[0]/C
High Pulse Width  Slow    FDCE/C   n/a            0.500         20.000      19.500     SLICE_X3Y61     Org_State_reg[1]/C
High Pulse Width  Fast    FDCE/C   n/a            0.500         20.000      19.500     SLICE_X3Y61     Org_State_reg[1]/C
High Pulse Width  Slow    FDCE/C   n/a            0.500         20.000      19.500     SLICE_X2Y61     Org_State_reg[2]/C
High Pulse Width  Fast    FDCE/C   n/a            0.500         20.000      19.500     SLICE_X2Y61     Org_State_reg[2]/C
High Pulse Width  Slow    FDCE/C   n/a            0.500         20.000      19.500     SLICE_X1Y59     clk_div_reg[0]/C
High Pulse Width  Fast    FDCE/C   n/a            0.500         20.000      19.500     SLICE_X1Y59     clk_div_reg[0]/C
High Pulse Width  Slow    FDCE/C   n/a            0.500         20.000      19.500     SLICE_X1Y61     clk_div_reg[10]/C
High Pulse Width  Fast    FDCE/C   n/a            0.500         20.000      19.500     SLICE_X1Y61     clk_div_reg[10]/C



--------------------------------------------------------------------------------------
Path Group:  (none)
From Clock:  
  To Clock:  

Max Delay             4 Endpoints
Min Delay             4 Endpoints
--------------------------------------------------------------------------------------


Max Delay Paths
--------------------------------------------------------------------------------------
Slack:                    inf
  Source:                 rst
                            (input port)
  Destination:            Out[0]
                            (output port)
  Path Group:             (none)
  Path Type:              Max at Slow Process Corner
  Data Path Delay:        9.200ns  (logic 5.369ns (58.359%)  route 3.831ns (41.641%))
  Logic Levels:           3  (IBUF=1 LUT4=1 OBUF=1)

    Location             Delay type                Incr(ns)  Path(ns)    Netlist Resource(s)
  -------------------------------------------------------------------    -------------------
    G18                                               0.000     0.000 f  rst (IN)
                         net (fo=0)                   0.000     0.000    rst
    G18                  IBUF (Prop_ibuf_I_O)         1.464     1.464 f  rst_IBUF_inst/O
                         net (fo=35, routed)          1.980     3.444    rst_IBUF
    SLICE_X2Y61          LUT4 (Prop_lut4_I0_O)        0.157     3.601 r  Out_OBUF[0]_inst_i_1/O
                         net (fo=1, routed)           1.851     5.452    Out_OBUF[0]
    H15                  OBUF (Prop_obuf_I_O)         3.749     9.200 r  Out_OBUF[0]_inst/O
                         net (fo=0)                   0.000     9.200    Out[0]
    H15                                                               r  Out[0] (OUT)
  -------------------------------------------------------------------    -------------------

Slack:                    inf
  Source:                 rst
                            (input port)
  Destination:            Out[1]
                            (output port)
  Path Group:             (none)
  Path Type:              Max at Slow Process Corner
  Data Path Delay:        9.019ns  (logic 5.344ns (59.252%)  route 3.675ns (40.748%))
  Logic Levels:           3  (IBUF=1 LUT3=1 OBUF=1)

    Location             Delay type                Incr(ns)  Path(ns)    Netlist Resource(s)
  -------------------------------------------------------------------    -------------------
    G18                                               0.000     0.000 f  rst (IN)
                         net (fo=0)                   0.000     0.000    rst
    G18                  IBUF (Prop_ibuf_I_O)         1.464     1.464 f  rst_IBUF_inst/O
                         net (fo=35, routed)          1.966     3.430    rst_IBUF
    SLICE_X2Y61          LUT3 (Prop_lut3_I0_O)        0.153     3.583 r  Out_OBUF[1]_inst_i_1/O
                         net (fo=1, routed)           1.709     5.292    Out_OBUF[1]
    E13                  OBUF (Prop_obuf_I_O)         3.727     9.019 r  Out_OBUF[1]_inst/O
                         net (fo=0)                   0.000     9.019    Out[1]
    E13                                                               r  Out[1] (OUT)
  -------------------------------------------------------------------    -------------------

Slack:                    inf
  Source:                 rst
                            (input port)
  Destination:            Out[3]
                            (output port)
  Path Group:             (none)
  Path Type:              Max at Slow Process Corner
  Data Path Delay:        8.953ns  (logic 5.110ns (57.078%)  route 3.843ns (42.922%))
  Logic Levels:           3  (IBUF=1 LUT4=1 OBUF=1)

    Location             Delay type                Incr(ns)  Path(ns)    Netlist Resource(s)
  -------------------------------------------------------------------    -------------------
    G18                                               0.000     0.000 f  rst (IN)
                         net (fo=0)                   0.000     0.000    rst
    G18                  IBUF (Prop_ibuf_I_O)         1.464     1.464 f  rst_IBUF_inst/O
                         net (fo=35, routed)          1.980     3.444    rst_IBUF
    SLICE_X2Y61          LUT4 (Prop_lut4_I0_O)        0.124     3.568 r  Out_OBUF[3]_inst_i_1/O
                         net (fo=1, routed)           1.862     5.430    Out_OBUF[3]
    E18                  OBUF (Prop_obuf_I_O)         3.522     8.953 r  Out_OBUF[3]_inst/O
                         net (fo=0)                   0.000     8.953    Out[3]
    E18                                                               r  Out[3] (OUT)
  -------------------------------------------------------------------    -------------------

Slack:                    inf
  Source:                 rst
                            (input port)
  Destination:            Out[2]
                            (output port)
  Path Group:             (none)
  Path Type:              Max at Slow Process Corner
  Data Path Delay:        8.933ns  (logic 5.107ns (57.175%)  route 3.825ns (42.825%))
  Logic Levels:           3  (IBUF=1 LUT4=1 OBUF=1)

    Location             Delay type                Incr(ns)  Path(ns)    Netlist Resource(s)
  -------------------------------------------------------------------    -------------------
    G18                                               0.000     0.000 f  rst (IN)
                         net (fo=0)                   0.000     0.000    rst
    G18                  IBUF (Prop_ibuf_I_O)         1.464     1.464 f  rst_IBUF_inst/O
                         net (fo=35, routed)          1.966     3.430    rst_IBUF
    SLICE_X2Y61          LUT4 (Prop_lut4_I3_O)        0.124     3.554 r  Out_OBUF[2]_inst_i_1/O
                         net (fo=1, routed)           1.859     5.413    Out_OBUF[2]
    F13                  OBUF (Prop_obuf_I_O)         3.520     8.933 r  Out_OBUF[2]_inst/O
                         net (fo=0)                   0.000     8.933    Out[2]
    F13                                                               r  Out[2] (OUT)
  -------------------------------------------------------------------    -------------------





Min Delay Paths
--------------------------------------------------------------------------------------
Slack:                    inf
  Source:                 rst
                            (input port)
  Destination:            Out[3]
                            (output port)
  Path Group:             (none)
  Path Type:              Min at Fast Process Corner
  Data Path Delay:        2.642ns  (logic 1.500ns (56.782%)  route 1.142ns (43.218%))
  Logic Levels:           3  (IBUF=1 LUT4=1 OBUF=1)

    Location             Delay type                Incr(ns)  Path(ns)    Netlist Resource(s)
  -------------------------------------------------------------------    -------------------
    G18                                               0.000     0.000 f  rst (IN)
                         net (fo=0)                   0.000     0.000    rst
    G18                  IBUF (Prop_ibuf_I_O)         0.232     0.232 f  rst_IBUF_inst/O
                         net (fo=35, routed)          0.730     0.962    rst_IBUF
    SLICE_X2Y61          LUT4 (Prop_lut4_I0_O)        0.045     1.007 r  Out_OBUF[3]_inst_i_1/O
                         net (fo=1, routed)           0.411     1.418    Out_OBUF[3]
    E18                  OBUF (Prop_obuf_I_O)         1.223     2.642 r  Out_OBUF[3]_inst/O
                         net (fo=0)                   0.000     2.642    Out[3]
    E18                                                               r  Out[3] (OUT)
  -------------------------------------------------------------------    -------------------

Slack:                    inf
  Source:                 rst
                            (input port)
  Destination:            Out[2]
                            (output port)
  Path Group:             (none)
  Path Type:              Min at Fast Process Corner
  Data Path Delay:        2.655ns  (logic 1.497ns (56.400%)  route 1.157ns (43.600%))
  Logic Levels:           3  (IBUF=1 LUT4=1 OBUF=1)

    Location             Delay type                Incr(ns)  Path(ns)    Netlist Resource(s)
  -------------------------------------------------------------------    -------------------
    G18                                               0.000     0.000 f  rst (IN)
                         net (fo=0)                   0.000     0.000    rst
    G18                  IBUF (Prop_ibuf_I_O)         0.232     0.232 f  rst_IBUF_inst/O
                         net (fo=35, routed)          0.761     0.993    rst_IBUF
    SLICE_X2Y61          LUT4 (Prop_lut4_I3_O)        0.045     1.038 r  Out_OBUF[2]_inst_i_1/O
                         net (fo=1, routed)           0.396     1.434    Out_OBUF[2]
    F13                  OBUF (Prop_obuf_I_O)         1.221     2.655 r  Out_OBUF[2]_inst/O
                         net (fo=0)                   0.000     2.655    Out[2]
    F13                                                               r  Out[2] (OUT)
  -------------------------------------------------------------------    -------------------

Slack:                    inf
  Source:                 rst
                            (input port)
  Destination:            Out[1]
                            (output port)
  Path Group:             (none)
  Path Type:              Min at Fast Process Corner
  Data Path Delay:        2.678ns  (logic 1.566ns (58.475%)  route 1.112ns (41.525%))
  Logic Levels:           3  (IBUF=1 LUT3=1 OBUF=1)

    Location             Delay type                Incr(ns)  Path(ns)    Netlist Resource(s)
  -------------------------------------------------------------------    -------------------
    G18                                               0.000     0.000 f  rst (IN)
                         net (fo=0)                   0.000     0.000    rst
    G18                  IBUF (Prop_ibuf_I_O)         0.232     0.232 f  rst_IBUF_inst/O
                         net (fo=35, routed)          0.761     0.993    rst_IBUF
    SLICE_X2Y61          LUT3 (Prop_lut3_I0_O)        0.045     1.038 r  Out_OBUF[1]_inst_i_1/O
                         net (fo=1, routed)           0.351     1.389    Out_OBUF[1]
    E13                  OBUF (Prop_obuf_I_O)         1.289     2.678 r  Out_OBUF[1]_inst/O
                         net (fo=0)                   0.000     2.678    Out[1]
    E13                                                               r  Out[1] (OUT)
  -------------------------------------------------------------------    -------------------

Slack:                    inf
  Source:                 rst
                            (input port)
  Destination:            Out[0]
                            (output port)
  Path Group:             (none)
  Path Type:              Min at Fast Process Corner
  Data Path Delay:        2.706ns  (logic 1.570ns (58.019%)  route 1.136ns (41.981%))
  Logic Levels:           3  (IBUF=1 LUT4=1 OBUF=1)

    Location             Delay type                Incr(ns)  Path(ns)    Netlist Resource(s)
  -------------------------------------------------------------------    -------------------
    G18                                               0.000     0.000 f  rst (IN)
                         net (fo=0)                   0.000     0.000    rst
    G18                  IBUF (Prop_ibuf_I_O)         0.232     0.232 f  rst_IBUF_inst/O
                         net (fo=35, routed)          0.730     0.962    rst_IBUF
    SLICE_X2Y61          LUT4 (Prop_lut4_I0_O)        0.046     1.008 r  Out_OBUF[0]_inst_i_1/O
                         net (fo=1, routed)           0.406     1.414    Out_OBUF[0]
    H15                  OBUF (Prop_obuf_I_O)         1.293     2.706 r  Out_OBUF[0]_inst/O
                         net (fo=0)                   0.000     2.706    Out[0]
    H15                                                               r  Out[0] (OUT)
  -------------------------------------------------------------------    -------------------





--------------------------------------------------------------------------------------
Path Group:  (none)
From Clock:  clk_12MHz
  To Clock:  

Max Delay             4 Endpoints
Min Delay             4 Endpoints
--------------------------------------------------------------------------------------


Max Delay Paths
--------------------------------------------------------------------------------------
Slack:                    inf
  Source:                 Org_State_reg[2]/C
                            (rising edge-triggered cell FDCE clocked by clk_12MHz  {rise@0.000ns fall@20.000ns period=40.000ns})
  Destination:            Out[0]
                            (output port)
  Path Group:             (none)
  Path Type:              Max at Slow Process Corner
  Data Path Delay:        7.019ns  (logic 4.386ns (62.481%)  route 2.633ns (37.519%))
  Logic Levels:           2  (LUT4=1 OBUF=1)
  Clock Uncertainty:      0.025ns  ((TSJ^2 + TIJ^2)^1/2 + DJ) / 2 + PE
    Total System Jitter     (TSJ):    0.050ns
    Total Input Jitter      (TIJ):    0.000ns
    Discrete Jitter          (DJ):    0.000ns
    Phase Error              (PE):    0.000ns

    Location             Delay type                Incr(ns)  Path(ns)    Netlist Resource(s)
  -------------------------------------------------------------------    -------------------
                         (clock clk_12MHz rise edge)
                                                      0.000     0.000 r  
    F14                                               0.000     0.000 r  clk (IN)
                         net (fo=0)                   0.000     0.000    clk
    F14                  IBUF (Prop_ibuf_I_O)         1.446     1.446 r  clk_IBUF_inst/O
                         net (fo=1, routed)           1.966     3.411    clk_IBUF
    BUFGCTRL_X0Y16       BUFG (Prop_bufg_I_O)         0.096     3.507 r  clk_IBUF_BUFG_inst/O
                         net (fo=29, routed)          1.613     5.120    clk_IBUF_BUFG
    SLICE_X2Y61          FDCE                                         r  Org_State_reg[2]/C
  -------------------------------------------------------------------    -------------------
    SLICE_X2Y61          FDCE (Prop_fdce_C_Q)         0.518     5.638 f  Org_State_reg[2]/Q
                         net (fo=10, routed)          0.783     6.421    p_0_in[3]
    SLICE_X2Y61          LUT4 (Prop_lut4_I3_O)        0.119     6.540 r  Out_OBUF[0]_inst_i_1/O
                         net (fo=1, routed)           1.851     8.391    Out_OBUF[0]
    H15                  OBUF (Prop_obuf_I_O)         3.749    12.140 r  Out_OBUF[0]_inst/O
                         net (fo=0)                   0.000    12.140    Out[0]
    H15                                                               r  Out[0] (OUT)
  -------------------------------------------------------------------    -------------------

Slack:                    inf
  Source:                 Org_State_reg[2]/C
                            (rising edge-triggered cell FDCE clocked by clk_12MHz  {rise@0.000ns fall@20.000ns period=40.000ns})
  Destination:            Out[1]
                            (output port)
  Path Group:             (none)
  Path Type:              Max at Slow Process Corner
  Data Path Delay:        6.850ns  (logic 4.362ns (63.687%)  route 2.487ns (36.313%))
  Logic Levels:           2  (LUT3=1 OBUF=1)
  Clock Uncertainty:      0.025ns  ((TSJ^2 + TIJ^2)^1/2 + DJ) / 2 + PE
    Total System Jitter     (TSJ):    0.050ns
    Total Input Jitter      (TIJ):    0.000ns
    Discrete Jitter          (DJ):    0.000ns
    Phase Error              (PE):    0.000ns

    Location             Delay type                Incr(ns)  Path(ns)    Netlist Resource(s)
  -------------------------------------------------------------------    -------------------
                         (clock clk_12MHz rise edge)
                                                      0.000     0.000 r  
    F14                                               0.000     0.000 r  clk (IN)
                         net (fo=0)                   0.000     0.000    clk
    F14                  IBUF (Prop_ibuf_I_O)         1.446     1.446 r  clk_IBUF_inst/O
                         net (fo=1, routed)           1.966     3.411    clk_IBUF
    BUFGCTRL_X0Y16       BUFG (Prop_bufg_I_O)         0.096     3.507 r  clk_IBUF_BUFG_inst/O
                         net (fo=29, routed)          1.613     5.120    clk_IBUF_BUFG
    SLICE_X2Y61          FDCE                                         r  Org_State_reg[2]/C
  -------------------------------------------------------------------    -------------------
    SLICE_X2Y61          FDCE (Prop_fdce_C_Q)         0.518     5.638 f  Org_State_reg[2]/Q
                         net (fo=10, routed)          0.779     6.417    p_0_in[3]
    SLICE_X2Y61          LUT3 (Prop_lut3_I2_O)        0.117     6.534 r  Out_OBUF[1]_inst_i_1/O
                         net (fo=1, routed)           1.709     8.243    Out_OBUF[1]
    E13                  OBUF (Prop_obuf_I_O)         3.727    11.970 r  Out_OBUF[1]_inst/O
                         net (fo=0)                   0.000    11.970    Out[1]
    E13                                                               r  Out[1] (OUT)
  -------------------------------------------------------------------    -------------------

Slack:                    inf
  Source:                 Org_State_reg[2]/C
                            (rising edge-triggered cell FDCE clocked by clk_12MHz  {rise@0.000ns fall@20.000ns period=40.000ns})
  Destination:            Out[3]
                            (output port)
  Path Group:             (none)
  Path Type:              Max at Slow Process Corner
  Data Path Delay:        6.809ns  (logic 4.164ns (61.157%)  route 2.645ns (38.843%))
  Logic Levels:           2  (LUT4=1 OBUF=1)
  Clock Uncertainty:      0.025ns  ((TSJ^2 + TIJ^2)^1/2 + DJ) / 2 + PE
    Total System Jitter     (TSJ):    0.050ns
    Total Input Jitter      (TIJ):    0.000ns
    Discrete Jitter          (DJ):    0.000ns
    Phase Error              (PE):    0.000ns

    Location             Delay type                Incr(ns)  Path(ns)    Netlist Resource(s)
  -------------------------------------------------------------------    -------------------
                         (clock clk_12MHz rise edge)
                                                      0.000     0.000 r  
    F14                                               0.000     0.000 r  clk (IN)
                         net (fo=0)                   0.000     0.000    clk
    F14                  IBUF (Prop_ibuf_I_O)         1.446     1.446 r  clk_IBUF_inst/O
                         net (fo=1, routed)           1.966     3.411    clk_IBUF
    BUFGCTRL_X0Y16       BUFG (Prop_bufg_I_O)         0.096     3.507 r  clk_IBUF_BUFG_inst/O
                         net (fo=29, routed)          1.613     5.120    clk_IBUF_BUFG
    SLICE_X2Y61          FDCE                                         r  Org_State_reg[2]/C
  -------------------------------------------------------------------    -------------------
    SLICE_X2Y61          FDCE (Prop_fdce_C_Q)         0.518     5.638 r  Org_State_reg[2]/Q
                         net (fo=10, routed)          0.783     6.421    p_0_in[3]
    SLICE_X2Y61          LUT4 (Prop_lut4_I1_O)        0.124     6.545 r  Out_OBUF[3]_inst_i_1/O
                         net (fo=1, routed)           1.862     8.407    Out_OBUF[3]
    E18                  OBUF (Prop_obuf_I_O)         3.522    11.930 r  Out_OBUF[3]_inst/O
                         net (fo=0)                   0.000    11.930    Out[3]
    E18                                                               r  Out[3] (OUT)
  -------------------------------------------------------------------    -------------------

Slack:                    inf
  Source:                 Org_State_reg[2]/C
                            (rising edge-triggered cell FDCE clocked by clk_12MHz  {rise@0.000ns fall@20.000ns period=40.000ns})
  Destination:            Out[2]
                            (output port)
  Path Group:             (none)
  Path Type:              Max at Slow Process Corner
  Data Path Delay:        6.799ns  (logic 4.162ns (61.206%)  route 2.638ns (38.794%))
  Logic Levels:           2  (LUT4=1 OBUF=1)
  Clock Uncertainty:      0.025ns  ((TSJ^2 + TIJ^2)^1/2 + DJ) / 2 + PE
    Total System Jitter     (TSJ):    0.050ns
    Total Input Jitter      (TIJ):    0.000ns
    Discrete Jitter          (DJ):    0.000ns
    Phase Error              (PE):    0.000ns

    Location             Delay type                Incr(ns)  Path(ns)    Netlist Resource(s)
  -------------------------------------------------------------------    -------------------
                         (clock clk_12MHz rise edge)
                                                      0.000     0.000 r  
    F14                                               0.000     0.000 r  clk (IN)
                         net (fo=0)                   0.000     0.000    clk
    F14                  IBUF (Prop_ibuf_I_O)         1.446     1.446 r  clk_IBUF_inst/O
                         net (fo=1, routed)           1.966     3.411    clk_IBUF
    BUFGCTRL_X0Y16       BUFG (Prop_bufg_I_O)         0.096     3.507 r  clk_IBUF_BUFG_inst/O
                         net (fo=29, routed)          1.613     5.120    clk_IBUF_BUFG
    SLICE_X2Y61          FDCE                                         r  Org_State_reg[2]/C
  -------------------------------------------------------------------    -------------------
    SLICE_X2Y61          FDCE (Prop_fdce_C_Q)         0.518     5.638 r  Org_State_reg[2]/Q
                         net (fo=10, routed)          0.779     6.417    p_0_in[3]
    SLICE_X2Y61          LUT4 (Prop_lut4_I1_O)        0.124     6.541 r  Out_OBUF[2]_inst_i_1/O
                         net (fo=1, routed)           1.859     8.400    Out_OBUF[2]
    F13                  OBUF (Prop_obuf_I_O)         3.520    11.920 r  Out_OBUF[2]_inst/O
                         net (fo=0)                   0.000    11.920    Out[2]
    F13                                                               r  Out[2] (OUT)
  -------------------------------------------------------------------    -------------------





Min Delay Paths
--------------------------------------------------------------------------------------
Slack:                    inf
  Source:                 Org_State_reg[0]/C
                            (rising edge-triggered cell FDCE clocked by clk_12MHz  {rise@0.000ns fall@20.000ns period=40.000ns})
  Destination:            Out[2]
                            (output port)
  Path Group:             (none)
  Path Type:              Min at Fast Process Corner
  Data Path Delay:        1.986ns  (logic 1.407ns (70.824%)  route 0.579ns (29.176%))
  Logic Levels:           2  (LUT4=1 OBUF=1)
  Clock Uncertainty:      0.025ns  ((TSJ^2 + TIJ^2)^1/2 + DJ) / 2 + PE
    Total System Jitter     (TSJ):    0.050ns
    Total Input Jitter      (TIJ):    0.000ns
    Discrete Jitter          (DJ):    0.000ns
    Phase Error              (PE):    0.000ns

    Location             Delay type                Incr(ns)  Path(ns)    Netlist Resource(s)
  -------------------------------------------------------------------    -------------------
                         (clock clk_12MHz rise edge)
                                                      0.000     0.000 r  
    F14                                               0.000     0.000 r  clk (IN)
                         net (fo=0)                   0.000     0.000    clk
    F14                  IBUF (Prop_ibuf_I_O)         0.214     0.214 r  clk_IBUF_inst/O
                         net (fo=1, routed)           0.631     0.845    clk_IBUF
    BUFGCTRL_X0Y16       BUFG (Prop_bufg_I_O)         0.026     0.871 r  clk_IBUF_BUFG_inst/O
                         net (fo=29, routed)          0.585     1.456    clk_IBUF_BUFG
    SLICE_X3Y61          FDCE                                         r  Org_State_reg[0]/C
  -------------------------------------------------------------------    -------------------
    SLICE_X3Y61          FDCE (Prop_fdce_C_Q)         0.141     1.597 r  Org_State_reg[0]/Q
                         net (fo=9, routed)           0.183     1.780    p_0_in[1]
    SLICE_X2Y61          LUT4 (Prop_lut4_I2_O)        0.045     1.825 r  Out_OBUF[2]_inst_i_1/O
                         net (fo=1, routed)           0.396     2.221    Out_OBUF[2]
    F13                  OBUF (Prop_obuf_I_O)         1.221     3.442 r  Out_OBUF[2]_inst/O
                         net (fo=0)                   0.000     3.442    Out[2]
    F13                                                               r  Out[2] (OUT)
  -------------------------------------------------------------------    -------------------

Slack:                    inf
  Source:                 Org_State_reg[0]/C
                            (rising edge-triggered cell FDCE clocked by clk_12MHz  {rise@0.000ns fall@20.000ns period=40.000ns})
  Destination:            Out[3]
                            (output port)
  Path Group:             (none)
  Path Type:              Min at Fast Process Corner
  Data Path Delay:        1.988ns  (logic 1.409ns (70.892%)  route 0.579ns (29.108%))
  Logic Levels:           2  (LUT4=1 OBUF=1)
  Clock Uncertainty:      0.025ns  ((TSJ^2 + TIJ^2)^1/2 + DJ) / 2 + PE
    Total System Jitter     (TSJ):    0.050ns
    Total Input Jitter      (TIJ):    0.000ns
    Discrete Jitter          (DJ):    0.000ns
    Phase Error              (PE):    0.000ns

    Location             Delay type                Incr(ns)  Path(ns)    Netlist Resource(s)
  -------------------------------------------------------------------    -------------------
                         (clock clk_12MHz rise edge)
                                                      0.000     0.000 r  
    F14                                               0.000     0.000 r  clk (IN)
                         net (fo=0)                   0.000     0.000    clk
    F14                  IBUF (Prop_ibuf_I_O)         0.214     0.214 r  clk_IBUF_inst/O
                         net (fo=1, routed)           0.631     0.845    clk_IBUF
    BUFGCTRL_X0Y16       BUFG (Prop_bufg_I_O)         0.026     0.871 r  clk_IBUF_BUFG_inst/O
                         net (fo=29, routed)          0.585     1.456    clk_IBUF_BUFG
    SLICE_X3Y61          FDCE                                         r  Org_State_reg[0]/C
  -------------------------------------------------------------------    -------------------
    SLICE_X3Y61          FDCE (Prop_fdce_C_Q)         0.141     1.597 r  Org_State_reg[0]/Q
                         net (fo=9, routed)           0.167     1.764    p_0_in[1]
    SLICE_X2Y61          LUT4 (Prop_lut4_I3_O)        0.045     1.809 r  Out_OBUF[3]_inst_i_1/O
                         net (fo=1, routed)           0.411     2.221    Out_OBUF[3]
    E18                  OBUF (Prop_obuf_I_O)         1.223     3.444 r  Out_OBUF[3]_inst/O
                         net (fo=0)                   0.000     3.444    Out[3]
    E18                                                               r  Out[3] (OUT)
  -------------------------------------------------------------------    -------------------

Slack:                    inf
  Source:                 Org_State_reg[0]/C
                            (rising edge-triggered cell FDCE clocked by clk_12MHz  {rise@0.000ns fall@20.000ns period=40.000ns})
  Destination:            Out[0]
                            (output port)
  Path Group:             (none)
  Path Type:              Min at Fast Process Corner
  Data Path Delay:        2.055ns  (logic 1.482ns (72.105%)  route 0.573ns (27.895%))
  Logic Levels:           2  (LUT4=1 OBUF=1)
  Clock Uncertainty:      0.025ns  ((TSJ^2 + TIJ^2)^1/2 + DJ) / 2 + PE
    Total System Jitter     (TSJ):    0.050ns
    Total Input Jitter      (TIJ):    0.000ns
    Discrete Jitter          (DJ):    0.000ns
    Phase Error              (PE):    0.000ns

    Location             Delay type                Incr(ns)  Path(ns)    Netlist Resource(s)
  -------------------------------------------------------------------    -------------------
                         (clock clk_12MHz rise edge)
                                                      0.000     0.000 r  
    F14                                               0.000     0.000 r  clk (IN)
                         net (fo=0)                   0.000     0.000    clk
    F14                  IBUF (Prop_ibuf_I_O)         0.214     0.214 r  clk_IBUF_inst/O
                         net (fo=1, routed)           0.631     0.845    clk_IBUF
    BUFGCTRL_X0Y16       BUFG (Prop_bufg_I_O)         0.026     0.871 r  clk_IBUF_BUFG_inst/O
                         net (fo=29, routed)          0.585     1.456    clk_IBUF_BUFG
    SLICE_X3Y61          FDCE                                         r  Org_State_reg[0]/C
  -------------------------------------------------------------------    -------------------
    SLICE_X3Y61          FDCE (Prop_fdce_C_Q)         0.141     1.597 r  Org_State_reg[0]/Q
                         net (fo=9, routed)           0.167     1.764    p_0_in[1]
    SLICE_X2Y61          LUT4 (Prop_lut4_I1_O)        0.048     1.812 r  Out_OBUF[0]_inst_i_1/O
                         net (fo=1, routed)           0.406     2.218    Out_OBUF[0]
    H15                  OBUF (Prop_obuf_I_O)         1.293     3.511 r  Out_OBUF[0]_inst/O
                         net (fo=0)                   0.000     3.511    Out[0]
    H15                                                               r  Out[0] (OUT)
  -------------------------------------------------------------------    -------------------

Slack:                    inf
  Source:                 Org_State_reg[1]/C
                            (rising edge-triggered cell FDCE clocked by clk_12MHz  {rise@0.000ns fall@20.000ns period=40.000ns})
  Destination:            Out[1]
                            (output port)
  Path Group:             (none)
  Path Type:              Min at Fast Process Corner
  Data Path Delay:        2.107ns  (logic 1.474ns (69.983%)  route 0.632ns (30.017%))
  Logic Levels:           2  (LUT3=1 OBUF=1)
  Clock Uncertainty:      0.025ns  ((TSJ^2 + TIJ^2)^1/2 + DJ) / 2 + PE
    Total System Jitter     (TSJ):    0.050ns
    Total Input Jitter      (TIJ):    0.000ns
    Discrete Jitter          (DJ):    0.000ns
    Phase Error              (PE):    0.000ns

    Location             Delay type                Incr(ns)  Path(ns)    Netlist Resource(s)
  -------------------------------------------------------------------    -------------------
                         (clock clk_12MHz rise edge)
                                                      0.000     0.000 r  
    F14                                               0.000     0.000 r  clk (IN)
                         net (fo=0)                   0.000     0.000    clk
    F14                  IBUF (Prop_ibuf_I_O)         0.214     0.214 r  clk_IBUF_inst/O
                         net (fo=1, routed)           0.631     0.845    clk_IBUF
    BUFGCTRL_X0Y16       BUFG (Prop_bufg_I_O)         0.026     0.871 r  clk_IBUF_BUFG_inst/O
                         net (fo=29, routed)          0.585     1.456    clk_IBUF_BUFG
    SLICE_X3Y61          FDCE                                         r  Org_State_reg[1]/C
  -------------------------------------------------------------------    -------------------
    SLICE_X3Y61          FDCE (Prop_fdce_C_Q)         0.141     1.597 r  Org_State_reg[1]/Q
                         net (fo=10, routed)          0.282     1.879    p_0_in[2]
    SLICE_X2Y61          LUT3 (Prop_lut3_I1_O)        0.044     1.923 r  Out_OBUF[1]_inst_i_1/O
                         net (fo=1, routed)           0.351     2.273    Out_OBUF[1]
    E13                  OBUF (Prop_obuf_I_O)         1.289     3.563 r  Out_OBUF[1]_inst/O
                         net (fo=0)                   0.000     3.563    Out[1]
    E13                                                               r  Out[1] (OUT)
  -------------------------------------------------------------------    -------------------





--------------------------------------------------------------------------------------
Path Group:  (none)
From Clock:  
  To Clock:  clk_12MHz

Max Delay            40 Endpoints
Min Delay            40 Endpoints
--------------------------------------------------------------------------------------


Max Delay Paths
--------------------------------------------------------------------------------------
Slack:                    inf
  Source:                 rst
                            (input port)
  Destination:            stay_delay_reg[3]/D
                            (rising edge-triggered cell FDCE clocked by clk_12MHz  {rise@0.000ns fall@20.000ns period=40.000ns})
  Path Group:             (none)
  Path Type:              Setup (Max at Slow Process Corner)
  Data Path Delay:        5.294ns  (logic 1.862ns (35.164%)  route 3.432ns (64.836%))
  Logic Levels:           4  (IBUF=1 LUT5=1 LUT6=2)
  Clock Path Skew:        4.822ns (DCD - SCD + CPR)
    Destination Clock Delay (DCD):    4.822ns
    Source Clock Delay      (SCD):    0.000ns
    Clock Pessimism Removal (CPR):    0.000ns
  Clock Uncertainty:      0.025ns  ((TSJ^2 + TIJ^2)^1/2 + DJ) / 2 + PE
    Total System Jitter     (TSJ):    0.050ns
    Total Input Jitter      (TIJ):    0.000ns
    Discrete Jitter          (DJ):    0.000ns
    Phase Error              (PE):    0.000ns

    Location             Delay type                Incr(ns)  Path(ns)    Netlist Resource(s)
  -------------------------------------------------------------------    -------------------
    G18                                               0.000     0.000 r  rst (IN)
                         net (fo=0)                   0.000     0.000    rst
    G18                  IBUF (Prop_ibuf_I_O)         1.464     1.464 r  rst_IBUF_inst/O
                         net (fo=35, routed)          2.044     3.507    rst_IBUF
    SLICE_X4Y61          LUT6 (Prop_lut6_I2_O)        0.124     3.631 f  Org_State[2]_i_9/O
                         net (fo=1, routed)           0.280     3.911    Org_State[2]_i_9_n_0
    SLICE_X4Y61          LUT6 (Prop_lut6_I1_O)        0.124     4.035 f  Org_State[2]_i_4/O
                         net (fo=7, routed)           1.109     5.144    Org_State[2]_i_4_n_0
    SLICE_X4Y61          LUT5 (Prop_lut5_I4_O)        0.150     5.294 r  stay_delay[3]_i_2/O
                         net (fo=1, routed)           0.000     5.294    stay_delay[3]_i_2_n_0
    SLICE_X4Y61          FDCE                                         r  stay_delay_reg[3]/D
  -------------------------------------------------------------------    -------------------

                         (clock clk_12MHz rise edge)
                                                      0.000     0.000 r  
    F14                                               0.000     0.000 r  clk (IN)
                         net (fo=0)                   0.000     0.000    clk
    F14                  IBUF (Prop_ibuf_I_O)         1.376     1.376 r  clk_IBUF_inst/O
                         net (fo=1, routed)           1.862     3.238    clk_IBUF
    BUFGCTRL_X0Y16       BUFG (Prop_bufg_I_O)         0.091     3.329 r  clk_IBUF_BUFG_inst/O
                         net (fo=29, routed)          1.494     4.822    clk_IBUF_BUFG
    SLICE_X4Y61          FDCE                                         r  stay_delay_reg[3]/C

Slack:                    inf
  Source:                 rst
                            (input port)
  Destination:            stay_delay_reg[2]/D
                            (rising edge-triggered cell FDCE clocked by clk_12MHz  {rise@0.000ns fall@20.000ns period=40.000ns})
  Path Group:             (none)
  Path Type:              Setup (Max at Slow Process Corner)
  Data Path Delay:        5.268ns  (logic 1.836ns (34.844%)  route 3.432ns (65.156%))
  Logic Levels:           4  (IBUF=1 LUT4=1 LUT6=2)
  Clock Path Skew:        4.822ns (DCD - SCD + CPR)
    Destination Clock Delay (DCD):    4.822ns
    Source Clock Delay      (SCD):    0.000ns
    Clock Pessimism Removal (CPR):    0.000ns
  Clock Uncertainty:      0.025ns  ((TSJ^2 + TIJ^2)^1/2 + DJ) / 2 + PE
    Total System Jitter     (TSJ):    0.050ns
    Total Input Jitter      (TIJ):    0.000ns
    Discrete Jitter          (DJ):    0.000ns
    Phase Error              (PE):    0.000ns

    Location             Delay type                Incr(ns)  Path(ns)    Netlist Resource(s)
  -------------------------------------------------------------------    -------------------
    G18                                               0.000     0.000 r  rst (IN)
                         net (fo=0)                   0.000     0.000    rst
    G18                  IBUF (Prop_ibuf_I_O)         1.464     1.464 r  rst_IBUF_inst/O
                         net (fo=35, routed)          2.044     3.507    rst_IBUF
    SLICE_X4Y61          LUT6 (Prop_lut6_I2_O)        0.124     3.631 f  Org_State[2]_i_9/O
                         net (fo=1, routed)           0.280     3.911    Org_State[2]_i_9_n_0
    SLICE_X4Y61          LUT6 (Prop_lut6_I1_O)        0.124     4.035 f  Org_State[2]_i_4/O
                         net (fo=7, routed)           1.109     5.144    Org_State[2]_i_4_n_0
    SLICE_X4Y61          LUT4 (Prop_lut4_I3_O)        0.124     5.268 r  stay_delay[2]_i_1/O
                         net (fo=1, routed)           0.000     5.268    stay_delay[2]_i_1_n_0
    SLICE_X4Y61          FDCE                                         r  stay_delay_reg[2]/D
  -------------------------------------------------------------------    -------------------

                         (clock clk_12MHz rise edge)
                                                      0.000     0.000 r  
    F14                                               0.000     0.000 r  clk (IN)
                         net (fo=0)                   0.000     0.000    clk
    F14                  IBUF (Prop_ibuf_I_O)         1.376     1.376 r  clk_IBUF_inst/O
                         net (fo=1, routed)           1.862     3.238    clk_IBUF
    BUFGCTRL_X0Y16       BUFG (Prop_bufg_I_O)         0.091     3.329 r  clk_IBUF_BUFG_inst/O
                         net (fo=29, routed)          1.494     4.822    clk_IBUF_BUFG
    SLICE_X4Y61          FDCE                                         r  stay_delay_reg[2]/C

Slack:                    inf
  Source:                 rst
                            (input port)
  Destination:            stay_delay_reg[0]/D
                            (rising edge-triggered cell FDPE clocked by clk_12MHz  {rise@0.000ns fall@20.000ns period=40.000ns})
  Path Group:             (none)
  Path Type:              Setup (Max at Slow Process Corner)
  Data Path Delay:        5.048ns  (logic 1.836ns (36.360%)  route 3.213ns (63.640%))
  Logic Levels:           4  (IBUF=1 LUT2=1 LUT6=2)
  Clock Path Skew:        4.822ns (DCD - SCD + CPR)
    Destination Clock Delay (DCD):    4.822ns
    Source Clock Delay      (SCD):    0.000ns
    Clock Pessimism Removal (CPR):    0.000ns
  Clock Uncertainty:      0.025ns  ((TSJ^2 + TIJ^2)^1/2 + DJ) / 2 + PE
    Total System Jitter     (TSJ):    0.050ns
    Total Input Jitter      (TIJ):    0.000ns
    Discrete Jitter          (DJ):    0.000ns
    Phase Error              (PE):    0.000ns

    Location             Delay type                Incr(ns)  Path(ns)    Netlist Resource(s)
  -------------------------------------------------------------------    -------------------
    G18                                               0.000     0.000 r  rst (IN)
                         net (fo=0)                   0.000     0.000    rst
    G18                  IBUF (Prop_ibuf_I_O)         1.464     1.464 r  rst_IBUF_inst/O
                         net (fo=35, routed)          2.044     3.507    rst_IBUF
    SLICE_X4Y61          LUT6 (Prop_lut6_I2_O)        0.124     3.631 r  Org_State[2]_i_9/O
                         net (fo=1, routed)           0.280     3.911    Org_State[2]_i_9_n_0
    SLICE_X4Y61          LUT6 (Prop_lut6_I1_O)        0.124     4.035 r  Org_State[2]_i_4/O
                         net (fo=7, routed)           0.889     4.924    Org_State[2]_i_4_n_0
    SLICE_X5Y61          LUT2 (Prop_lut2_I0_O)        0.124     5.048 r  stay_delay[0]_i_1/O
                         net (fo=1, routed)           0.000     5.048    stay_delay[0]_i_1_n_0
    SLICE_X5Y61          FDPE                                         r  stay_delay_reg[0]/D
  -------------------------------------------------------------------    -------------------

                         (clock clk_12MHz rise edge)
                                                      0.000     0.000 r  
    F14                                               0.000     0.000 r  clk (IN)
                         net (fo=0)                   0.000     0.000    clk
    F14                  IBUF (Prop_ibuf_I_O)         1.376     1.376 r  clk_IBUF_inst/O
                         net (fo=1, routed)           1.862     3.238    clk_IBUF
    BUFGCTRL_X0Y16       BUFG (Prop_bufg_I_O)         0.091     3.329 r  clk_IBUF_BUFG_inst/O
                         net (fo=29, routed)          1.494     4.822    clk_IBUF_BUFG
    SLICE_X5Y61          FDPE                                         r  stay_delay_reg[0]/C

Slack:                    inf
  Source:                 rst
                            (input port)
  Destination:            Org_State_reg[1]/D
                            (rising edge-triggered cell FDCE clocked by clk_12MHz  {rise@0.000ns fall@20.000ns period=40.000ns})
  Path Group:             (none)
  Path Type:              Setup (Max at Slow Process Corner)
  Data Path Delay:        5.005ns  (logic 1.836ns (36.672%)  route 3.170ns (63.328%))
  Logic Levels:           4  (IBUF=1 LUT5=1 LUT6=2)
  Clock Path Skew:        4.823ns (DCD - SCD + CPR)
    Destination Clock Delay (DCD):    4.823ns
    Source Clock Delay      (SCD):    0.000ns
    Clock Pessimism Removal (CPR):    0.000ns
  Clock Uncertainty:      0.025ns  ((TSJ^2 + TIJ^2)^1/2 + DJ) / 2 + PE
    Total System Jitter     (TSJ):    0.050ns
    Total Input Jitter      (TIJ):    0.000ns
    Discrete Jitter          (DJ):    0.000ns
    Phase Error              (PE):    0.000ns

    Location             Delay type                Incr(ns)  Path(ns)    Netlist Resource(s)
  -------------------------------------------------------------------    -------------------
    G18                                               0.000     0.000 r  rst (IN)
                         net (fo=0)                   0.000     0.000    rst
    G18                  IBUF (Prop_ibuf_I_O)         1.464     1.464 r  rst_IBUF_inst/O
                         net (fo=35, routed)          2.044     3.507    rst_IBUF
    SLICE_X4Y61          LUT6 (Prop_lut6_I2_O)        0.124     3.631 r  Org_State[2]_i_9/O
                         net (fo=1, routed)           0.280     3.911    Org_State[2]_i_9_n_0
    SLICE_X4Y61          LUT6 (Prop_lut6_I1_O)        0.124     4.035 r  Org_State[2]_i_4/O
                         net (fo=7, routed)           0.846     4.881    Org_State[2]_i_4_n_0
    SLICE_X3Y61          LUT5 (Prop_lut5_I2_O)        0.124     5.005 r  Org_State[1]_i_1/O
                         net (fo=1, routed)           0.000     5.005    Org_State[1]_i_1_n_0
    SLICE_X3Y61          FDCE                                         r  Org_State_reg[1]/D
  -------------------------------------------------------------------    -------------------

                         (clock clk_12MHz rise edge)
                                                      0.000     0.000 r  
    F14                                               0.000     0.000 r  clk (IN)
                         net (fo=0)                   0.000     0.000    clk
    F14                  IBUF (Prop_ibuf_I_O)         1.376     1.376 r  clk_IBUF_inst/O
                         net (fo=1, routed)           1.862     3.238    clk_IBUF
    BUFGCTRL_X0Y16       BUFG (Prop_bufg_I_O)         0.091     3.329 r  clk_IBUF_BUFG_inst/O
                         net (fo=29, routed)          1.495     4.823    clk_IBUF_BUFG
    SLICE_X3Y61          FDCE                                         r  Org_State_reg[1]/C

Slack:                    inf
  Source:                 rst
                            (input port)
  Destination:            Org_State_reg[2]/D
                            (rising edge-triggered cell FDCE clocked by clk_12MHz  {rise@0.000ns fall@20.000ns period=40.000ns})
  Path Group:             (none)
  Path Type:              Setup (Max at Slow Process Corner)
  Data Path Delay:        4.514ns  (logic 1.836ns (40.661%)  route 2.679ns (59.339%))
  Logic Levels:           4  (IBUF=1 LUT5=1 LUT6=2)
  Clock Path Skew:        4.823ns (DCD - SCD + CPR)
    Destination Clock Delay (DCD):    4.823ns
    Source Clock Delay      (SCD):    0.000ns
    Clock Pessimism Removal (CPR):    0.000ns
  Clock Uncertainty:      0.025ns  ((TSJ^2 + TIJ^2)^1/2 + DJ) / 2 + PE
    Total System Jitter     (TSJ):    0.050ns
    Total Input Jitter      (TIJ):    0.000ns
    Discrete Jitter          (DJ):    0.000ns
    Phase Error              (PE):    0.000ns

    Location             Delay type                Incr(ns)  Path(ns)    Netlist Resource(s)
  -------------------------------------------------------------------    -------------------
    G18                                               0.000     0.000 r  rst (IN)
                         net (fo=0)                   0.000     0.000    rst
    G18                  IBUF (Prop_ibuf_I_O)         1.464     1.464 r  rst_IBUF_inst/O
                         net (fo=35, routed)          2.044     3.507    rst_IBUF
    SLICE_X4Y61          LUT6 (Prop_lut6_I2_O)        0.124     3.631 r  Org_State[2]_i_9/O
                         net (fo=1, routed)           0.280     3.911    Org_State[2]_i_9_n_0
    SLICE_X4Y61          LUT6 (Prop_lut6_I1_O)        0.124     4.035 r  Org_State[2]_i_4/O
                         net (fo=7, routed)           0.355     4.390    Org_State[2]_i_4_n_0
    SLICE_X2Y61          LUT5 (Prop_lut5_I2_O)        0.124     4.514 r  Org_State[2]_i_1/O
                         net (fo=1, routed)           0.000     4.514    Org_State[2]_i_1_n_0
    SLICE_X2Y61          FDCE                                         r  Org_State_reg[2]/D
  -------------------------------------------------------------------    -------------------

                         (clock clk_12MHz rise edge)
                                                      0.000     0.000 r  
    F14                                               0.000     0.000 r  clk (IN)
                         net (fo=0)                   0.000     0.000    clk
    F14                  IBUF (Prop_ibuf_I_O)         1.376     1.376 r  clk_IBUF_inst/O
                         net (fo=1, routed)           1.862     3.238    clk_IBUF
    BUFGCTRL_X0Y16       BUFG (Prop_bufg_I_O)         0.091     3.329 r  clk_IBUF_BUFG_inst/O
                         net (fo=29, routed)          1.495     4.823    clk_IBUF_BUFG
    SLICE_X2Y61          FDCE                                         r  Org_State_reg[2]/C

Slack:                    inf
  Source:                 rst
                            (input port)
  Destination:            Org_State_reg[0]/D
                            (rising edge-triggered cell FDCE clocked by clk_12MHz  {rise@0.000ns fall@20.000ns period=40.000ns})
  Path Group:             (none)
  Path Type:              Setup (Max at Slow Process Corner)
  Data Path Delay:        4.498ns  (logic 1.836ns (40.806%)  route 2.663ns (59.194%))
  Logic Levels:           4  (IBUF=1 LUT5=1 LUT6=2)
  Clock Path Skew:        4.823ns (DCD - SCD + CPR)
    Destination Clock Delay (DCD):    4.823ns
    Source Clock Delay      (SCD):    0.000ns
    Clock Pessimism Removal (CPR):    0.000ns
  Clock Uncertainty:      0.025ns  ((TSJ^2 + TIJ^2)^1/2 + DJ) / 2 + PE
    Total System Jitter     (TSJ):    0.050ns
    Total Input Jitter      (TIJ):    0.000ns
    Discrete Jitter          (DJ):    0.000ns
    Phase Error              (PE):    0.000ns

    Location             Delay type                Incr(ns)  Path(ns)    Netlist Resource(s)
  -------------------------------------------------------------------    -------------------
    G18                                               0.000     0.000 r  rst (IN)
                         net (fo=0)                   0.000     0.000    rst
    G18                  IBUF (Prop_ibuf_I_O)         1.464     1.464 r  rst_IBUF_inst/O
                         net (fo=35, routed)          2.044     3.507    rst_IBUF
    SLICE_X4Y61          LUT6 (Prop_lut6_I2_O)        0.124     3.631 r  Org_State[2]_i_9/O
                         net (fo=1, routed)           0.280     3.911    Org_State[2]_i_9_n_0
    SLICE_X4Y61          LUT6 (Prop_lut6_I1_O)        0.124     4.035 r  Org_State[2]_i_4/O
                         net (fo=7, routed)           0.339     4.374    Org_State[2]_i_4_n_0
    SLICE_X3Y61          LUT5 (Prop_lut5_I2_O)        0.124     4.498 r  Org_State[0]_i_1/O
                         net (fo=1, routed)           0.000     4.498    Org_State[0]_i_1_n_0
    SLICE_X3Y61          FDCE                                         r  Org_State_reg[0]/D
  -------------------------------------------------------------------    -------------------

                         (clock clk_12MHz rise edge)
                                                      0.000     0.000 r  
    F14                                               0.000     0.000 r  clk (IN)
                         net (fo=0)                   0.000     0.000    clk
    F14                  IBUF (Prop_ibuf_I_O)         1.376     1.376 r  clk_IBUF_inst/O
                         net (fo=1, routed)           1.862     3.238    clk_IBUF
    BUFGCTRL_X0Y16       BUFG (Prop_bufg_I_O)         0.091     3.329 r  clk_IBUF_BUFG_inst/O
                         net (fo=29, routed)          1.495     4.823    clk_IBUF_BUFG
    SLICE_X3Y61          FDCE                                         r  Org_State_reg[0]/C

Slack:                    inf
  Source:                 rst
                            (input port)
  Destination:            stay_delay_reg[1]/D
                            (rising edge-triggered cell FDCE clocked by clk_12MHz  {rise@0.000ns fall@20.000ns period=40.000ns})
  Path Group:             (none)
  Path Type:              Setup (Max at Slow Process Corner)
  Data Path Delay:        4.341ns  (logic 1.836ns (42.285%)  route 2.505ns (57.715%))
  Logic Levels:           4  (IBUF=1 LUT3=1 LUT6=2)
  Clock Path Skew:        4.822ns (DCD - SCD + CPR)
    Destination Clock Delay (DCD):    4.822ns
    Source Clock Delay      (SCD):    0.000ns
    Clock Pessimism Removal (CPR):    0.000ns
  Clock Uncertainty:      0.025ns  ((TSJ^2 + TIJ^2)^1/2 + DJ) / 2 + PE
    Total System Jitter     (TSJ):    0.050ns
    Total Input Jitter      (TIJ):    0.000ns
    Discrete Jitter          (DJ):    0.000ns
    Phase Error              (PE):    0.000ns

    Location             Delay type                Incr(ns)  Path(ns)    Netlist Resource(s)
  -------------------------------------------------------------------    -------------------
    G18                                               0.000     0.000 r  rst (IN)
                         net (fo=0)                   0.000     0.000    rst
    G18                  IBUF (Prop_ibuf_I_O)         1.464     1.464 r  rst_IBUF_inst/O
                         net (fo=35, routed)          2.044     3.507    rst_IBUF
    SLICE_X4Y61          LUT6 (Prop_lut6_I2_O)        0.124     3.631 f  Org_State[2]_i_9/O
                         net (fo=1, routed)           0.280     3.911    Org_State[2]_i_9_n_0
    SLICE_X4Y61          LUT6 (Prop_lut6_I1_O)        0.124     4.035 f  Org_State[2]_i_4/O
                         net (fo=7, routed)           0.182     4.217    Org_State[2]_i_4_n_0
    SLICE_X4Y61          LUT3 (Prop_lut3_I2_O)        0.124     4.341 r  stay_delay[1]_i_1/O
                         net (fo=1, routed)           0.000     4.341    stay_delay[1]_i_1_n_0
    SLICE_X4Y61          FDCE                                         r  stay_delay_reg[1]/D
  -------------------------------------------------------------------    -------------------

                         (clock clk_12MHz rise edge)
                                                      0.000     0.000 r  
    F14                                               0.000     0.000 r  clk (IN)
                         net (fo=0)                   0.000     0.000    clk
    F14                  IBUF (Prop_ibuf_I_O)         1.376     1.376 r  clk_IBUF_inst/O
                         net (fo=1, routed)           1.862     3.238    clk_IBUF
    BUFGCTRL_X0Y16       BUFG (Prop_bufg_I_O)         0.091     3.329 r  clk_IBUF_BUFG_inst/O
                         net (fo=29, routed)          1.494     4.822    clk_IBUF_BUFG
    SLICE_X4Y61          FDCE                                         r  stay_delay_reg[1]/C

Slack:                    inf
  Source:                 rst
                            (input port)
  Destination:            clk_div_reg[20]/CLR
                            (recovery check against rising-edge clock clk_12MHz  {rise@0.000ns fall@20.000ns period=40.000ns})
  Path Group:             (none)
  Path Type:              Recovery (Max at Slow Process Corner)
  Data Path Delay:        3.403ns  (logic 1.464ns (43.004%)  route 1.940ns (56.996%))
  Logic Levels:           1  (IBUF=1)
  Clock Path Skew:        4.821ns (DCD - SCD + CPR)
    Destination Clock Delay (DCD):    4.821ns
    Source Clock Delay      (SCD):    0.000ns
    Clock Pessimism Removal (CPR):    0.000ns
  Clock Uncertainty:      0.025ns  ((TSJ^2 + TIJ^2)^1/2 + DJ) / 2 + PE
    Total System Jitter     (TSJ):    0.050ns
    Total Input Jitter      (TIJ):    0.000ns
    Discrete Jitter          (DJ):    0.000ns
    Phase Error              (PE):    0.000ns

    Location             Delay type                Incr(ns)  Path(ns)    Netlist Resource(s)
  -------------------------------------------------------------------    -------------------
    G18                                               0.000     0.000 f  rst (IN)
                         net (fo=0)                   0.000     0.000    rst
    G18                  IBUF (Prop_ibuf_I_O)         1.464     1.464 f  rst_IBUF_inst/O
                         net (fo=35, routed)          1.940     3.403    rst_IBUF
    SLICE_X1Y64          FDCE                                         f  clk_div_reg[20]/CLR
  -------------------------------------------------------------------    -------------------

                         (clock clk_12MHz rise edge)
                                                      0.000     0.000 r  
    F14                                               0.000     0.000 r  clk (IN)
                         net (fo=0)                   0.000     0.000    clk
    F14                  IBUF (Prop_ibuf_I_O)         1.376     1.376 r  clk_IBUF_inst/O
                         net (fo=1, routed)           1.862     3.238    clk_IBUF
    BUFGCTRL_X0Y16       BUFG (Prop_bufg_I_O)         0.091     3.329 r  clk_IBUF_BUFG_inst/O
                         net (fo=29, routed)          1.493     4.821    clk_IBUF_BUFG
    SLICE_X1Y64          FDCE                                         r  clk_div_reg[20]/C

Slack:                    inf
  Source:                 rst
                            (input port)
  Destination:            clk_div_reg[21]/CLR
                            (recovery check against rising-edge clock clk_12MHz  {rise@0.000ns fall@20.000ns period=40.000ns})
  Path Group:             (none)
  Path Type:              Recovery (Max at Slow Process Corner)
  Data Path Delay:        3.403ns  (logic 1.464ns (43.004%)  route 1.940ns (56.996%))
  Logic Levels:           1  (IBUF=1)
  Clock Path Skew:        4.821ns (DCD - SCD + CPR)
    Destination Clock Delay (DCD):    4.821ns
    Source Clock Delay      (SCD):    0.000ns
    Clock Pessimism Removal (CPR):    0.000ns
  Clock Uncertainty:      0.025ns  ((TSJ^2 + TIJ^2)^1/2 + DJ) / 2 + PE
    Total System Jitter     (TSJ):    0.050ns
    Total Input Jitter      (TIJ):    0.000ns
    Discrete Jitter          (DJ):    0.000ns
    Phase Error              (PE):    0.000ns

    Location             Delay type                Incr(ns)  Path(ns)    Netlist Resource(s)
  -------------------------------------------------------------------    -------------------
    G18                                               0.000     0.000 f  rst (IN)
                         net (fo=0)                   0.000     0.000    rst
    G18                  IBUF (Prop_ibuf_I_O)         1.464     1.464 f  rst_IBUF_inst/O
                         net (fo=35, routed)          1.940     3.403    rst_IBUF
    SLICE_X1Y64          FDCE                                         f  clk_div_reg[21]/CLR
  -------------------------------------------------------------------    -------------------

                         (clock clk_12MHz rise edge)
                                                      0.000     0.000 r  
    F14                                               0.000     0.000 r  clk (IN)
                         net (fo=0)                   0.000     0.000    clk
    F14                  IBUF (Prop_ibuf_I_O)         1.376     1.376 r  clk_IBUF_inst/O
                         net (fo=1, routed)           1.862     3.238    clk_IBUF
    BUFGCTRL_X0Y16       BUFG (Prop_bufg_I_O)         0.091     3.329 r  clk_IBUF_BUFG_inst/O
                         net (fo=29, routed)          1.493     4.821    clk_IBUF_BUFG
    SLICE_X1Y64          FDCE                                         r  clk_div_reg[21]/C

Slack:                    inf
  Source:                 rst
                            (input port)
  Destination:            stay_delay_reg[1]/CLR
                            (recovery check against rising-edge clock clk_12MHz  {rise@0.000ns fall@20.000ns period=40.000ns})
  Path Group:             (none)
  Path Type:              Recovery (Max at Slow Process Corner)
  Data Path Delay:        3.279ns  (logic 1.464ns (44.640%)  route 1.815ns (55.360%))
  Logic Levels:           1  (IBUF=1)
  Clock Path Skew:        4.822ns (DCD - SCD + CPR)
    Destination Clock Delay (DCD):    4.822ns
    Source Clock Delay      (SCD):    0.000ns
    Clock Pessimism Removal (CPR):    0.000ns
  Clock Uncertainty:      0.025ns  ((TSJ^2 + TIJ^2)^1/2 + DJ) / 2 + PE
    Total System Jitter     (TSJ):    0.050ns
    Total Input Jitter      (TIJ):    0.000ns
    Discrete Jitter          (DJ):    0.000ns
    Phase Error              (PE):    0.000ns

    Location             Delay type                Incr(ns)  Path(ns)    Netlist Resource(s)
  -------------------------------------------------------------------    -------------------
    G18                                               0.000     0.000 f  rst (IN)
                         net (fo=0)                   0.000     0.000    rst
    G18                  IBUF (Prop_ibuf_I_O)         1.464     1.464 f  rst_IBUF_inst/O
                         net (fo=35, routed)          1.815     3.279    rst_IBUF
    SLICE_X4Y61          FDCE                                         f  stay_delay_reg[1]/CLR
  -------------------------------------------------------------------    -------------------

                         (clock clk_12MHz rise edge)
                                                      0.000     0.000 r  
    F14                                               0.000     0.000 r  clk (IN)
                         net (fo=0)                   0.000     0.000    clk
    F14                  IBUF (Prop_ibuf_I_O)         1.376     1.376 r  clk_IBUF_inst/O
                         net (fo=1, routed)           1.862     3.238    clk_IBUF
    BUFGCTRL_X0Y16       BUFG (Prop_bufg_I_O)         0.091     3.329 r  clk_IBUF_BUFG_inst/O
                         net (fo=29, routed)          1.494     4.822    clk_IBUF_BUFG
    SLICE_X4Y61          FDCE                                         r  stay_delay_reg[1]/C





Min Delay Paths
--------------------------------------------------------------------------------------
Slack:                    inf
  Source:                 rst
                            (input port)
  Destination:            clk_div_reg[0]/CLR
                            (removal check against rising-edge clock clk_12MHz  {rise@0.000ns fall@20.000ns period=40.000ns})
  Path Group:             (none)
  Path Type:              Removal (Min at Fast Process Corner)
  Data Path Delay:        0.710ns  (logic 0.232ns (32.619%)  route 0.478ns (67.381%))
  Logic Levels:           1  (IBUF=1)
  Clock Path Skew:        1.972ns (DCD - SCD - CPR)
    Destination Clock Delay (DCD):    1.972ns
    Source Clock Delay      (SCD):    0.000ns
    Clock Pessimism Removal (CPR):    -0.000ns

    Location             Delay type                Incr(ns)  Path(ns)    Netlist Resource(s)
  -------------------------------------------------------------------    -------------------
    G18                                               0.000     0.000 f  rst (IN)
                         net (fo=0)                   0.000     0.000    rst
    G18                  IBUF (Prop_ibuf_I_O)         0.232     0.232 f  rst_IBUF_inst/O
                         net (fo=35, routed)          0.478     0.710    rst_IBUF
    SLICE_X1Y59          FDCE                                         f  clk_div_reg[0]/CLR
  -------------------------------------------------------------------    -------------------

                         (clock clk_12MHz rise edge)
                                                      0.000     0.000 r  
    F14                                               0.000     0.000 r  clk (IN)
                         net (fo=0)                   0.000     0.000    clk
    F14                  IBUF (Prop_ibuf_I_O)         0.402     0.402 r  clk_IBUF_inst/O
                         net (fo=1, routed)           0.685     1.086    clk_IBUF
    BUFGCTRL_X0Y16       BUFG (Prop_bufg_I_O)         0.029     1.115 r  clk_IBUF_BUFG_inst/O
                         net (fo=29, routed)          0.856     1.972    clk_IBUF_BUFG
    SLICE_X1Y59          FDCE                                         r  clk_div_reg[0]/C

Slack:                    inf
  Source:                 rst
                            (input port)
  Destination:            clk_div_reg[1]/CLR
                            (removal check against rising-edge clock clk_12MHz  {rise@0.000ns fall@20.000ns period=40.000ns})
  Path Group:             (none)
  Path Type:              Removal (Min at Fast Process Corner)
  Data Path Delay:        0.710ns  (logic 0.232ns (32.619%)  route 0.478ns (67.381%))
  Logic Levels:           1  (IBUF=1)
  Clock Path Skew:        1.972ns (DCD - SCD - CPR)
    Destination Clock Delay (DCD):    1.972ns
    Source Clock Delay      (SCD):    0.000ns
    Clock Pessimism Removal (CPR):    -0.000ns

    Location             Delay type                Incr(ns)  Path(ns)    Netlist Resource(s)
  -------------------------------------------------------------------    -------------------
    G18                                               0.000     0.000 f  rst (IN)
                         net (fo=0)                   0.000     0.000    rst
    G18                  IBUF (Prop_ibuf_I_O)         0.232     0.232 f  rst_IBUF_inst/O
                         net (fo=35, routed)          0.478     0.710    rst_IBUF
    SLICE_X1Y59          FDCE                                         f  clk_div_reg[1]/CLR
  -------------------------------------------------------------------    -------------------

                         (clock clk_12MHz rise edge)
                                                      0.000     0.000 r  
    F14                                               0.000     0.000 r  clk (IN)
                         net (fo=0)                   0.000     0.000    clk
    F14                  IBUF (Prop_ibuf_I_O)         0.402     0.402 r  clk_IBUF_inst/O
                         net (fo=1, routed)           0.685     1.086    clk_IBUF
    BUFGCTRL_X0Y16       BUFG (Prop_bufg_I_O)         0.029     1.115 r  clk_IBUF_BUFG_inst/O
                         net (fo=29, routed)          0.856     1.972    clk_IBUF_BUFG
    SLICE_X1Y59          FDCE                                         r  clk_div_reg[1]/C

Slack:                    inf
  Source:                 rst
                            (input port)
  Destination:            clk_div_reg[2]/CLR
                            (removal check against rising-edge clock clk_12MHz  {rise@0.000ns fall@20.000ns period=40.000ns})
  Path Group:             (none)
  Path Type:              Removal (Min at Fast Process Corner)
  Data Path Delay:        0.710ns  (logic 0.232ns (32.619%)  route 0.478ns (67.381%))
  Logic Levels:           1  (IBUF=1)
  Clock Path Skew:        1.972ns (DCD - SCD - CPR)
    Destination Clock Delay (DCD):    1.972ns
    Source Clock Delay      (SCD):    0.000ns
    Clock Pessimism Removal (CPR):    -0.000ns

    Location             Delay type                Incr(ns)  Path(ns)    Netlist Resource(s)
  -------------------------------------------------------------------    -------------------
    G18                                               0.000     0.000 f  rst (IN)
                         net (fo=0)                   0.000     0.000    rst
    G18                  IBUF (Prop_ibuf_I_O)         0.232     0.232 f  rst_IBUF_inst/O
                         net (fo=35, routed)          0.478     0.710    rst_IBUF
    SLICE_X1Y59          FDCE                                         f  clk_div_reg[2]/CLR
  -------------------------------------------------------------------    -------------------

                         (clock clk_12MHz rise edge)
                                                      0.000     0.000 r  
    F14                                               0.000     0.000 r  clk (IN)
                         net (fo=0)                   0.000     0.000    clk
    F14                  IBUF (Prop_ibuf_I_O)         0.402     0.402 r  clk_IBUF_inst/O
                         net (fo=1, routed)           0.685     1.086    clk_IBUF
    BUFGCTRL_X0Y16       BUFG (Prop_bufg_I_O)         0.029     1.115 r  clk_IBUF_BUFG_inst/O
                         net (fo=29, routed)          0.856     1.972    clk_IBUF_BUFG
    SLICE_X1Y59          FDCE                                         r  clk_div_reg[2]/C

Slack:                    inf
  Source:                 rst
                            (input port)
  Destination:            clk_div_reg[3]/CLR
                            (removal check against rising-edge clock clk_12MHz  {rise@0.000ns fall@20.000ns period=40.000ns})
  Path Group:             (none)
  Path Type:              Removal (Min at Fast Process Corner)
  Data Path Delay:        0.710ns  (logic 0.232ns (32.619%)  route 0.478ns (67.381%))
  Logic Levels:           1  (IBUF=1)
  Clock Path Skew:        1.972ns (DCD - SCD - CPR)
    Destination Clock Delay (DCD):    1.972ns
    Source Clock Delay      (SCD):    0.000ns
    Clock Pessimism Removal (CPR):    -0.000ns

    Location             Delay type                Incr(ns)  Path(ns)    Netlist Resource(s)
  -------------------------------------------------------------------    -------------------
    G18                                               0.000     0.000 f  rst (IN)
                         net (fo=0)                   0.000     0.000    rst
    G18                  IBUF (Prop_ibuf_I_O)         0.232     0.232 f  rst_IBUF_inst/O
                         net (fo=35, routed)          0.478     0.710    rst_IBUF
    SLICE_X1Y59          FDCE                                         f  clk_div_reg[3]/CLR
  -------------------------------------------------------------------    -------------------

                         (clock clk_12MHz rise edge)
                                                      0.000     0.000 r  
    F14                                               0.000     0.000 r  clk (IN)
                         net (fo=0)                   0.000     0.000    clk
    F14                  IBUF (Prop_ibuf_I_O)         0.402     0.402 r  clk_IBUF_inst/O
                         net (fo=1, routed)           0.685     1.086    clk_IBUF
    BUFGCTRL_X0Y16       BUFG (Prop_bufg_I_O)         0.029     1.115 r  clk_IBUF_BUFG_inst/O
                         net (fo=29, routed)          0.856     1.972    clk_IBUF_BUFG
    SLICE_X1Y59          FDCE                                         r  clk_div_reg[3]/C

Slack:                    inf
  Source:                 rst
                            (input port)
  Destination:            clk_div_reg[4]/CLR
                            (removal check against rising-edge clock clk_12MHz  {rise@0.000ns fall@20.000ns period=40.000ns})
  Path Group:             (none)
  Path Type:              Removal (Min at Fast Process Corner)
  Data Path Delay:        0.773ns  (logic 0.232ns (29.949%)  route 0.542ns (70.051%))
  Logic Levels:           1  (IBUF=1)
  Clock Path Skew:        1.971ns (DCD - SCD - CPR)
    Destination Clock Delay (DCD):    1.971ns
    Source Clock Delay      (SCD):    0.000ns
    Clock Pessimism Removal (CPR):    -0.000ns

    Location             Delay type                Incr(ns)  Path(ns)    Netlist Resource(s)
  -------------------------------------------------------------------    -------------------
    G18                                               0.000     0.000 f  rst (IN)
                         net (fo=0)                   0.000     0.000    rst
    G18                  IBUF (Prop_ibuf_I_O)         0.232     0.232 f  rst_IBUF_inst/O
                         net (fo=35, routed)          0.542     0.773    rst_IBUF
    SLICE_X1Y60          FDCE                                         f  clk_div_reg[4]/CLR
  -------------------------------------------------------------------    -------------------

                         (clock clk_12MHz rise edge)
                                                      0.000     0.000 r  
    F14                                               0.000     0.000 r  clk (IN)
                         net (fo=0)                   0.000     0.000    clk
    F14                  IBUF (Prop_ibuf_I_O)         0.402     0.402 r  clk_IBUF_inst/O
                         net (fo=1, routed)           0.685     1.086    clk_IBUF
    BUFGCTRL_X0Y16       BUFG (Prop_bufg_I_O)         0.029     1.115 r  clk_IBUF_BUFG_inst/O
                         net (fo=29, routed)          0.855     1.971    clk_IBUF_BUFG
    SLICE_X1Y60          FDCE                                         r  clk_div_reg[4]/C

Slack:                    inf
  Source:                 rst
                            (input port)
  Destination:            clk_div_reg[5]/CLR
                            (removal check against rising-edge clock clk_12MHz  {rise@0.000ns fall@20.000ns period=40.000ns})
  Path Group:             (none)
  Path Type:              Removal (Min at Fast Process Corner)
  Data Path Delay:        0.773ns  (logic 0.232ns (29.949%)  route 0.542ns (70.051%))
  Logic Levels:           1  (IBUF=1)
  Clock Path Skew:        1.971ns (DCD - SCD - CPR)
    Destination Clock Delay (DCD):    1.971ns
    Source Clock Delay      (SCD):    0.000ns
    Clock Pessimism Removal (CPR):    -0.000ns

    Location             Delay type                Incr(ns)  Path(ns)    Netlist Resource(s)
  -------------------------------------------------------------------    -------------------
    G18                                               0.000     0.000 f  rst (IN)
                         net (fo=0)                   0.000     0.000    rst
    G18                  IBUF (Prop_ibuf_I_O)         0.232     0.232 f  rst_IBUF_inst/O
                         net (fo=35, routed)          0.542     0.773    rst_IBUF
    SLICE_X1Y60          FDCE                                         f  clk_div_reg[5]/CLR
  -------------------------------------------------------------------    -------------------

                         (clock clk_12MHz rise edge)
                                                      0.000     0.000 r  
    F14                                               0.000     0.000 r  clk (IN)
                         net (fo=0)                   0.000     0.000    clk
    F14                  IBUF (Prop_ibuf_I_O)         0.402     0.402 r  clk_IBUF_inst/O
                         net (fo=1, routed)           0.685     1.086    clk_IBUF
    BUFGCTRL_X0Y16       BUFG (Prop_bufg_I_O)         0.029     1.115 r  clk_IBUF_BUFG_inst/O
                         net (fo=29, routed)          0.855     1.971    clk_IBUF_BUFG
    SLICE_X1Y60          FDCE                                         r  clk_div_reg[5]/C

Slack:                    inf
  Source:                 rst
                            (input port)
  Destination:            clk_div_reg[6]/CLR
                            (removal check against rising-edge clock clk_12MHz  {rise@0.000ns fall@20.000ns period=40.000ns})
  Path Group:             (none)
  Path Type:              Removal (Min at Fast Process Corner)
  Data Path Delay:        0.773ns  (logic 0.232ns (29.949%)  route 0.542ns (70.051%))
  Logic Levels:           1  (IBUF=1)
  Clock Path Skew:        1.971ns (DCD - SCD - CPR)
    Destination Clock Delay (DCD):    1.971ns
    Source Clock Delay      (SCD):    0.000ns
    Clock Pessimism Removal (CPR):    -0.000ns

    Location             Delay type                Incr(ns)  Path(ns)    Netlist Resource(s)
  -------------------------------------------------------------------    -------------------
    G18                                               0.000     0.000 f  rst (IN)
                         net (fo=0)                   0.000     0.000    rst
    G18                  IBUF (Prop_ibuf_I_O)         0.232     0.232 f  rst_IBUF_inst/O
                         net (fo=35, routed)          0.542     0.773    rst_IBUF
    SLICE_X1Y60          FDCE                                         f  clk_div_reg[6]/CLR
  -------------------------------------------------------------------    -------------------

                         (clock clk_12MHz rise edge)
                                                      0.000     0.000 r  
    F14                                               0.000     0.000 r  clk (IN)
                         net (fo=0)                   0.000     0.000    clk
    F14                  IBUF (Prop_ibuf_I_O)         0.402     0.402 r  clk_IBUF_inst/O
                         net (fo=1, routed)           0.685     1.086    clk_IBUF
    BUFGCTRL_X0Y16       BUFG (Prop_bufg_I_O)         0.029     1.115 r  clk_IBUF_BUFG_inst/O
                         net (fo=29, routed)          0.855     1.971    clk_IBUF_BUFG
    SLICE_X1Y60          FDCE                                         r  clk_div_reg[6]/C

Slack:                    inf
  Source:                 rst
                            (input port)
  Destination:            clk_div_reg[7]/CLR
                            (removal check against rising-edge clock clk_12MHz  {rise@0.000ns fall@20.000ns period=40.000ns})
  Path Group:             (none)
  Path Type:              Removal (Min at Fast Process Corner)
  Data Path Delay:        0.773ns  (logic 0.232ns (29.949%)  route 0.542ns (70.051%))
  Logic Levels:           1  (IBUF=1)
  Clock Path Skew:        1.971ns (DCD - SCD - CPR)
    Destination Clock Delay (DCD):    1.971ns
    Source Clock Delay      (SCD):    0.000ns
    Clock Pessimism Removal (CPR):    -0.000ns

    Location             Delay type                Incr(ns)  Path(ns)    Netlist Resource(s)
  -------------------------------------------------------------------    -------------------
    G18                                               0.000     0.000 f  rst (IN)
                         net (fo=0)                   0.000     0.000    rst
    G18                  IBUF (Prop_ibuf_I_O)         0.232     0.232 f  rst_IBUF_inst/O
                         net (fo=35, routed)          0.542     0.773    rst_IBUF
    SLICE_X1Y60          FDCE                                         f  clk_div_reg[7]/CLR
  -------------------------------------------------------------------    -------------------

                         (clock clk_12MHz rise edge)
                                                      0.000     0.000 r  
    F14                                               0.000     0.000 r  clk (IN)
                         net (fo=0)                   0.000     0.000    clk
    F14                  IBUF (Prop_ibuf_I_O)         0.402     0.402 r  clk_IBUF_inst/O
                         net (fo=1, routed)           0.685     1.086    clk_IBUF
    BUFGCTRL_X0Y16       BUFG (Prop_bufg_I_O)         0.029     1.115 r  clk_IBUF_BUFG_inst/O
                         net (fo=29, routed)          0.855     1.971    clk_IBUF_BUFG
    SLICE_X1Y60          FDCE                                         r  clk_div_reg[7]/C

Slack:                    inf
  Source:                 rst
                            (input port)
  Destination:            Org_State_reg[0]/CLR
                            (removal check against rising-edge clock clk_12MHz  {rise@0.000ns fall@20.000ns period=40.000ns})
  Path Group:             (none)
  Path Type:              Removal (Min at Fast Process Corner)
  Data Path Delay:        0.833ns  (logic 0.232ns (27.803%)  route 0.601ns (72.197%))
  Logic Levels:           1  (IBUF=1)
  Clock Path Skew:        1.971ns (DCD - SCD - CPR)
    Destination Clock Delay (DCD):    1.971ns
    Source Clock Delay      (SCD):    0.000ns
    Clock Pessimism Removal (CPR):    -0.000ns

    Location             Delay type                Incr(ns)  Path(ns)    Netlist Resource(s)
  -------------------------------------------------------------------    -------------------
    G18                                               0.000     0.000 f  rst (IN)
                         net (fo=0)                   0.000     0.000    rst
    G18                  IBUF (Prop_ibuf_I_O)         0.232     0.232 f  rst_IBUF_inst/O
                         net (fo=35, routed)          0.601     0.833    rst_IBUF
    SLICE_X3Y61          FDCE                                         f  Org_State_reg[0]/CLR
  -------------------------------------------------------------------    -------------------

                         (clock clk_12MHz rise edge)
                                                      0.000     0.000 r  
    F14                                               0.000     0.000 r  clk (IN)
                         net (fo=0)                   0.000     0.000    clk
    F14                  IBUF (Prop_ibuf_I_O)         0.402     0.402 r  clk_IBUF_inst/O
                         net (fo=1, routed)           0.685     1.086    clk_IBUF
    BUFGCTRL_X0Y16       BUFG (Prop_bufg_I_O)         0.029     1.115 r  clk_IBUF_BUFG_inst/O
                         net (fo=29, routed)          0.855     1.971    clk_IBUF_BUFG
    SLICE_X3Y61          FDCE                                         r  Org_State_reg[0]/C

Slack:                    inf
  Source:                 rst
                            (input port)
  Destination:            Org_State_reg[1]/CLR
                            (removal check against rising-edge clock clk_12MHz  {rise@0.000ns fall@20.000ns period=40.000ns})
  Path Group:             (none)
  Path Type:              Removal (Min at Fast Process Corner)
  Data Path Delay:        0.833ns  (logic 0.232ns (27.803%)  route 0.601ns (72.197%))
  Logic Levels:           1  (IBUF=1)
  Clock Path Skew:        1.971ns (DCD - SCD - CPR)
    Destination Clock Delay (DCD):    1.971ns
    Source Clock Delay      (SCD):    0.000ns
    Clock Pessimism Removal (CPR):    -0.000ns

    Location             Delay type                Incr(ns)  Path(ns)    Netlist Resource(s)
  -------------------------------------------------------------------    -------------------
    G18                                               0.000     0.000 f  rst (IN)
                         net (fo=0)                   0.000     0.000    rst
    G18                  IBUF (Prop_ibuf_I_O)         0.232     0.232 f  rst_IBUF_inst/O
                         net (fo=35, routed)          0.601     0.833    rst_IBUF
    SLICE_X3Y61          FDCE                                         f  Org_State_reg[1]/CLR
  -------------------------------------------------------------------    -------------------

                         (clock clk_12MHz rise edge)
                                                      0.000     0.000 r  
    F14                                               0.000     0.000 r  clk (IN)
                         net (fo=0)                   0.000     0.000    clk
    F14                  IBUF (Prop_ibuf_I_O)         0.402     0.402 r  clk_IBUF_inst/O
                         net (fo=1, routed)           0.685     1.086    clk_IBUF
    BUFGCTRL_X0Y16       BUFG (Prop_bufg_I_O)         0.029     1.115 r  clk_IBUF_BUFG_inst/O
                         net (fo=29, routed)          0.855     1.971    clk_IBUF_BUFG
    SLICE_X3Y61          FDCE                                         r  Org_State_reg[1]/C





